filename,disease
0_left.jpg,"{""cataract"":""1""}"
103_left.jpg,"{""cataract"":""1""}"
1062_right.jpg,"{""cataract"":""1""}"
1083_left.jpg,"{""cataract"":""1""}"
1084_right.jpg,"{""cataract"":""1""}"
1102_left.jpg,"{""cataract"":""1""}"
1102_right.jpg,"{""cataract"":""1""}"
1115_left.jpg,"{""cataract"":""1""}"
1126_right.jpg,"{""cataract"":""1""}"
112_right.jpg,"{""cataract"":""1""}"
1144_left.jpg,"{""cataract"":""1""}"
1144_right.jpg,"{""cataract"":""1""}"
1164_left.jpg,"{""cataract"":""1""}"
1167_right.jpg,"{""cataract"":""1""}"
119_left.jpg,"{""cataract"":""1""}"
1285_left.jpg,"{""cataract"":""1""}"
1415_left.jpg,"{""cataract"":""1""}"
1415_right.jpg,"{""cataract"":""1""}"
1435_left.jpg,"{""cataract"":""1""}"
1444_left.jpg,"{""cataract"":""1""}"
1452_left.jpg,"{""cataract"":""1""}"
1454_right.jpg,"{""cataract"":""1""}"
1456_left.jpg,"{""cataract"":""1""}"
1460_right.jpg,"{""cataract"":""1""}"
1468_left.jpg,"{""cataract"":""1""}"
1483_right.jpg,"{""cataract"":""1""}"
1484_left.jpg,"{""cataract"":""1""}"
1484_right.jpg,"{""cataract"":""1""}"
1490_right.jpg,"{""cataract"":""1""}"
188_right.jpg,"{""cataract"":""1""}"
1968_left.jpg,"{""cataract"":""1""}"
1987_left.jpg,"{""cataract"":""1""}"
1994_left.jpg,"{""cataract"":""1""}"
2052_left.jpg,"{""cataract"":""1""}"
2052_right.jpg,"{""cataract"":""1""}"
2074_right.jpg,"{""cataract"":""1""}"
2095_right.jpg,"{""cataract"":""1""}"
2096_right.jpg,"{""cataract"":""1""}"
2097_right.jpg,"{""cataract"":""1""}"
2098_left.jpg,"{""cataract"":""1""}"
2098_right.jpg,"{""cataract"":""1""}"
2099_left.jpg,"{""cataract"":""1""}"
2100_right.jpg,"{""cataract"":""1""}"
2101_left.jpg,"{""cataract"":""1""}"
2101_right.jpg,"{""cataract"":""1""}"
2103_left.jpg,"{""cataract"":""1""}"
2103_right.jpg,"{""cataract"":""1""}"
2104_left.jpg,"{""cataract"":""1""}"
2104_right.jpg,"{""cataract"":""1""}"
2105_left.jpg,"{""cataract"":""1""}"
2105_right.jpg,"{""cataract"":""1""}"
2106_right.jpg,"{""cataract"":""1""}"
2107_left.jpg,"{""cataract"":""1""}"
2108_left.jpg,"{""cataract"":""1""}"
2108_right.jpg,"{""cataract"":""1""}"
2109_left.jpg,"{""cataract"":""1""}"
2109_right.jpg,"{""cataract"":""1""}"
2110_left.jpg,"{""cataract"":""1""}"
2110_right.jpg,"{""cataract"":""1""}"
2111_left.jpg,"{""cataract"":""1""}"
2113_left.jpg,"{""cataract"":""1""}"
2113_right.jpg,"{""cataract"":""1""}"
2114_left.jpg,"{""cataract"":""1""}"
2114_right.jpg,"{""cataract"":""1""}"
2115_right.jpg,"{""cataract"":""1""}"
2116_left.jpg,"{""cataract"":""1""}"
2116_right.jpg,"{""cataract"":""1""}"
2117_left.jpg,"{""cataract"":""1""}"
2118_right.jpg,"{""cataract"":""1""}"
2119_right.jpg,"{""cataract"":""1""}"
2120_left.jpg,"{""cataract"":""1""}"
2120_right.jpg,"{""cataract"":""1""}"
2121_left.jpg,"{""cataract"":""1""}"
2122_left.jpg,"{""cataract"":""1""}"
2122_right.jpg,"{""cataract"":""1""}"
2123_left.jpg,"{""cataract"":""1""}"
2124_left.jpg,"{""cataract"":""1""}"
2125_left.jpg,"{""cataract"":""1""}"
2126_left.jpg,"{""cataract"":""1""}"
2126_right.jpg,"{""cataract"":""1""}"
2127_left.jpg,"{""cataract"":""1""}"
2127_right.jpg,"{""cataract"":""1""}"
2128_left.jpg,"{""cataract"":""1""}"
2128_right.jpg,"{""cataract"":""1""}"
2129_left.jpg,"{""cataract"":""1""}"
2129_right.jpg,"{""cataract"":""1""}"
2130_left.jpg,"{""cataract"":""1""}"
2130_right.jpg,"{""cataract"":""1""}"
2132_left.jpg,"{""cataract"":""1""}"
2133_left.jpg,"{""cataract"":""1""}"
2133_right.jpg,"{""cataract"":""1""}"
2134_left.jpg,"{""cataract"":""1""}"
2134_right.jpg,"{""cataract"":""1""}"
2135_left.jpg,"{""cataract"":""1""}"
2135_right.jpg,"{""cataract"":""1""}"
2136_left.jpg,"{""cataract"":""1""}"
2137_left.jpg,"{""cataract"":""1""}"
2137_right.jpg,"{""cataract"":""1""}"
2138_left.jpg,"{""cataract"":""1""}"
2138_right.jpg,"{""cataract"":""1""}"
2139_right.jpg,"{""cataract"":""1""}"
2140_left.jpg,"{""cataract"":""1""}"
2140_right.jpg,"{""cataract"":""1""}"
2141_right.jpg,"{""cataract"":""1""}"
2142_left.jpg,"{""cataract"":""1""}"
2142_right.jpg,"{""cataract"":""1""}"
2143_right.jpg,"{""cataract"":""1""}"
2144_left.jpg,"{""cataract"":""1""}"
2144_right.jpg,"{""cataract"":""1""}"
2145_left.jpg,"{""cataract"":""1""}"
2146_left.jpg,"{""cataract"":""1""}"
2146_right.jpg,"{""cataract"":""1""}"
2147_left.jpg,"{""cataract"":""1""}"
2149_right.jpg,"{""cataract"":""1""}"
2150_left.jpg,"{""cataract"":""1""}"
2150_right.jpg,"{""cataract"":""1""}"
2151_left.jpg,"{""cataract"":""1""}"
2151_right.jpg,"{""cataract"":""1""}"
2152_left.jpg,"{""cataract"":""1""}"
2153_left.jpg,"{""cataract"":""1""}"
2153_right.jpg,"{""cataract"":""1""}"
2154_left.jpg,"{""cataract"":""1""}"
2155_left.jpg,"{""cataract"":""1""}"
2155_right.jpg,"{""cataract"":""1""}"
2156_left.jpg,"{""cataract"":""1""}"
2157_left.jpg,"{""cataract"":""1""}"
2157_right.jpg,"{""cataract"":""1""}"
2158_left.jpg,"{""cataract"":""1""}"
2158_right.jpg,"{""cataract"":""1""}"
2159_left.jpg,"{""cataract"":""1""}"
2160_right.jpg,"{""cataract"":""1""}"
2161_right.jpg,"{""cataract"":""1""}"
2162_right.jpg,"{""cataract"":""1""}"
2163_left.jpg,"{""cataract"":""1""}"
2163_right.jpg,"{""cataract"":""1""}"
2164_left.jpg,"{""cataract"":""1""}"
2164_right.jpg,"{""cataract"":""1""}"
2165_right.jpg,"{""cataract"":""1""}"
2166_left.jpg,"{""cataract"":""1""}"
2167_left.jpg,"{""cataract"":""1""}"
2167_right.jpg,"{""cataract"":""1""}"
2168_left.jpg,"{""cataract"":""1""}"
2168_right.jpg,"{""cataract"":""1""}"
2169_left.jpg,"{""cataract"":""1""}"
2169_right.jpg,"{""cataract"":""1""}"
2170_left.jpg,"{""cataract"":""1""}"
2170_right.jpg,"{""cataract"":""1""}"
2171_left.jpg,"{""cataract"":""1""}"
2172_left.jpg,"{""cataract"":""1""}"
2173_right.jpg,"{""cataract"":""1""}"
2174_right.jpg,"{""cataract"":""1""}"
2175_left.jpg,"{""cataract"":""1""}"
2176_left.jpg,"{""cataract"":""1""}"
2176_right.jpg,"{""cataract"":""1""}"
2177_right.jpg,"{""cataract"":""1""}"
2178_left.jpg,"{""cataract"":""1""}"
2178_right.jpg,"{""cataract"":""1""}"
2179_left.jpg,"{""cataract"":""1""}"
2179_right.jpg,"{""cataract"":""1""}"
2180_left.jpg,"{""cataract"":""1""}"
2180_right.jpg,"{""cataract"":""1""}"
2181_left.jpg,"{""cataract"":""1""}"
2181_right.jpg,"{""cataract"":""1""}"
2182_left.jpg,"{""cataract"":""1""}"
2182_right.jpg,"{""cataract"":""1""}"
2183_left.jpg,"{""cataract"":""1""}"
2183_right.jpg,"{""cataract"":""1""}"
2184_left.jpg,"{""cataract"":""1""}"
2184_right.jpg,"{""cataract"":""1""}"
2185_left.jpg,"{""cataract"":""1""}"
2187_right.jpg,"{""cataract"":""1""}"
2189_left.jpg,"{""cataract"":""1""}"
2189_right.jpg,"{""cataract"":""1""}"
218_right.jpg,"{""cataract"":""1""}"
2190_right.jpg,"{""cataract"":""1""}"
2191_right.jpg,"{""cataract"":""1""}"
2192_left.jpg,"{""cataract"":""1""}"
2192_right.jpg,"{""cataract"":""1""}"
2193_right.jpg,"{""cataract"":""1""}"
2194_left.jpg,"{""cataract"":""1""}"
2194_right.jpg,"{""cataract"":""1""}"
2195_left.jpg,"{""cataract"":""1""}"
2195_right.jpg,"{""cataract"":""1""}"
2196_right.jpg,"{""cataract"":""1""}"
2197_right.jpg,"{""cataract"":""1""}"
2198_left.jpg,"{""cataract"":""1""}"
2198_right.jpg,"{""cataract"":""1""}"
2199_left.jpg,"{""cataract"":""1""}"
2200_left.jpg,"{""cataract"":""1""}"
2201_right.jpg,"{""cataract"":""1""}"
2203_left.jpg,"{""cataract"":""1""}"
2203_right.jpg,"{""cataract"":""1""}"
2204_left.jpg,"{""cataract"":""1""}"
2205_right.jpg,"{""cataract"":""1""}"
2206_left.jpg,"{""cataract"":""1""}"
2206_right.jpg,"{""cataract"":""1""}"
2207_left.jpg,"{""cataract"":""1""}"
2207_right.jpg,"{""cataract"":""1""}"
2208_right.jpg,"{""cataract"":""1""}"
2209_left.jpg,"{""cataract"":""1""}"
2209_right.jpg,"{""cataract"":""1""}"
2210_left.jpg,"{""cataract"":""1""}"
2210_right.jpg,"{""cataract"":""1""}"
2211_left.jpg,"{""cataract"":""1""}"
2211_right.jpg,"{""cataract"":""1""}"
2212_left.jpg,"{""cataract"":""1""}"
2212_right.jpg,"{""cataract"":""1""}"
2213_left.jpg,"{""cataract"":""1""}"
2213_right.jpg,"{""cataract"":""1""}"
2215_left.jpg,"{""cataract"":""1""}"
2216_left.jpg,"{""cataract"":""1""}"
2216_right.jpg,"{""cataract"":""1""}"
2217_left.jpg,"{""cataract"":""1""}"
2217_right.jpg,"{""cataract"":""1""}"
2218_right.jpg,"{""cataract"":""1""}"
2219_left.jpg,"{""cataract"":""1""}"
2219_right.jpg,"{""cataract"":""1""}"
2220_right.jpg,"{""cataract"":""1""}"
2221_left.jpg,"{""cataract"":""1""}"
2221_right.jpg,"{""cataract"":""1""}"
2222_left.jpg,"{""cataract"":""1""}"
2223_left.jpg,"{""cataract"":""1""}"
2223_right.jpg,"{""cataract"":""1""}"
2225_left.jpg,"{""cataract"":""1""}"
2225_right.jpg,"{""cataract"":""1""}"
2226_left.jpg,"{""cataract"":""1""}"
2226_right.jpg,"{""cataract"":""1""}"
2227_left.jpg,"{""cataract"":""1""}"
2227_right.jpg,"{""cataract"":""1""}"
2228_right.jpg,"{""cataract"":""1""}"
2229_left.jpg,"{""cataract"":""1""}"
2231_right.jpg,"{""cataract"":""1""}"
2232_left.jpg,"{""cataract"":""1""}"
2232_right.jpg,"{""cataract"":""1""}"
2233_left.jpg,"{""cataract"":""1""}"
2233_right.jpg,"{""cataract"":""1""}"
2234_left.jpg,"{""cataract"":""1""}"
2234_right.jpg,"{""cataract"":""1""}"
2235_left.jpg,"{""cataract"":""1""}"
2236_left.jpg,"{""cataract"":""1""}"
2236_right.jpg,"{""cataract"":""1""}"
2237_right.jpg,"{""cataract"":""1""}"
2239_left.jpg,"{""cataract"":""1""}"
2239_right.jpg,"{""cataract"":""1""}"
2240_left.jpg,"{""cataract"":""1""}"
2240_right.jpg,"{""cataract"":""1""}"
2241_left.jpg,"{""cataract"":""1""}"
2242_left.jpg,"{""cataract"":""1""}"
2242_right.jpg,"{""cataract"":""1""}"
2243_left.jpg,"{""cataract"":""1""}"
2243_right.jpg,"{""cataract"":""1""}"
2244_right.jpg,"{""cataract"":""1""}"
2246_left.jpg,"{""cataract"":""1""}"
2246_right.jpg,"{""cataract"":""1""}"
2247_left.jpg,"{""cataract"":""1""}"
2247_right.jpg,"{""cataract"":""1""}"
2248_left.jpg,"{""cataract"":""1""}"
2248_right.jpg,"{""cataract"":""1""}"
2251_right.jpg,"{""cataract"":""1""}"
2262_left.jpg,"{""cataract"":""1""}"
2282_right.jpg,"{""cataract"":""1""}"
24_right.jpg,"{""cataract"":""1""}"
254_left.jpg,"{""cataract"":""1""}"
294_left.jpg,"{""cataract"":""1""}"
330_left.jpg,"{""cataract"":""1""}"
345_right.jpg,"{""cataract"":""1""}"
354_right.jpg,"{""cataract"":""1""}"
448_left.jpg,"{""cataract"":""1""}"
465_left.jpg,"{""cataract"":""1""}"
477_left.jpg,"{""cataract"":""1""}"
477_right.jpg,"{""cataract"":""1""}"
553_left.jpg,"{""cataract"":""1""}"
553_right.jpg,"{""cataract"":""1""}"
560_left.jpg,"{""cataract"":""1""}"
560_right.jpg,"{""cataract"":""1""}"
594_left.jpg,"{""cataract"":""1""}"
611_left.jpg,"{""cataract"":""1""}"
625_left.jpg,"{""cataract"":""1""}"
625_right.jpg,"{""cataract"":""1""}"
629_left.jpg,"{""cataract"":""1""}"
691_left.jpg,"{""cataract"":""1""}"
726_left.jpg,"{""cataract"":""1""}"
726_right.jpg,"{""cataract"":""1""}"
750_left.jpg,"{""cataract"":""1""}"
769_right.jpg,"{""cataract"":""1""}"
809_left.jpg,"{""cataract"":""1""}"
81_left.jpg,"{""cataract"":""1""}"
81_right.jpg,"{""cataract"":""1""}"
820_left.jpg,"{""cataract"":""1""}"
824_left.jpg,"{""cataract"":""1""}"
874_left.jpg,"{""cataract"":""1""}"
907_left.jpg,"{""cataract"":""1""}"
949_right.jpg,"{""cataract"":""1""}"
955_right.jpg,"{""cataract"":""1""}"
970_left.jpg,"{""cataract"":""1""}"
970_right.jpg,"{""cataract"":""1""}"
999_left.jpg,"{""cataract"":""1""}"
999_right.jpg,"{""cataract"":""1""}"
cataract_001.png,"{""cataract"":""1""}"
cataract_002.png,"{""cataract"":""1""}"
cataract_003.png,"{""cataract"":""1""}"
cataract_004.png,"{""cataract"":""1""}"
cataract_005.png,"{""cataract"":""1""}"
cataract_006.png,"{""cataract"":""1""}"
cataract_007.png,"{""cataract"":""1""}"
cataract_008.png,"{""cataract"":""1""}"
cataract_009.png,"{""cataract"":""1""}"
cataract_010.png,"{""cataract"":""1""}"
cataract_011.png,"{""cataract"":""1""}"
cataract_012.png,"{""cataract"":""1""}"
cataract_013.png,"{""cataract"":""1""}"
cataract_014.png,"{""cataract"":""1""}"
cataract_015.png,"{""cataract"":""1""}"
cataract_016.png,"{""cataract"":""1""}"
cataract_017.png,"{""cataract"":""1""}"
cataract_018.png,"{""cataract"":""1""}"
cataract_019.png,"{""cataract"":""1""}"
cataract_020.png,"{""cataract"":""1""}"
cataract_021.png,"{""cataract"":""1""}"
cataract_022.png,"{""cataract"":""1""}"
cataract_023.png,"{""cataract"":""1""}"
cataract_024.png,"{""cataract"":""1""}"
cataract_025.png,"{""cataract"":""1""}"
cataract_026.png,"{""cataract"":""1""}"
cataract_027.png,"{""cataract"":""1""}"
cataract_028.png,"{""cataract"":""1""}"
cataract_029.png,"{""cataract"":""1""}"
cataract_030.png,"{""cataract"":""1""}"
cataract_031.png,"{""cataract"":""1""}"
cataract_032.png,"{""cataract"":""1""}"
cataract_033.png,"{""cataract"":""1""}"
cataract_034.png,"{""cataract"":""1""}"
cataract_035.png,"{""cataract"":""1""}"
cataract_036.png,"{""cataract"":""1""}"
cataract_037.png,"{""cataract"":""1""}"
cataract_038.png,"{""cataract"":""1""}"
cataract_039.png,"{""cataract"":""1""}"
cataract_040.png,"{""cataract"":""1""}"
cataract_041.png,"{""cataract"":""1""}"
cataract_042.png,"{""cataract"":""1""}"
cataract_043.png,"{""cataract"":""1""}"
cataract_044.png,"{""cataract"":""1""}"
cataract_045.png,"{""cataract"":""1""}"
cataract_046.png,"{""cataract"":""1""}"
cataract_047.png,"{""cataract"":""1""}"
cataract_048.png,"{""cataract"":""1""}"
cataract_049.png,"{""cataract"":""1""}"
cataract_050.png,"{""cataract"":""1""}"
cataract_051.png,"{""cataract"":""1""}"
cataract_052.png,"{""cataract"":""1""}"
cataract_053.png,"{""cataract"":""1""}"
cataract_054.png,"{""cataract"":""1""}"
cataract_055.png,"{""cataract"":""1""}"
cataract_056.png,"{""cataract"":""1""}"
cataract_057.png,"{""cataract"":""1""}"
cataract_058.png,"{""cataract"":""1""}"
cataract_059.png,"{""cataract"":""1""}"
cataract_060.png,"{""cataract"":""1""}"
cataract_061.png,"{""cataract"":""1""}"
cataract_062.png,"{""cataract"":""1""}"
cataract_063.png,"{""cataract"":""1""}"
cataract_064.png,"{""cataract"":""1""}"
cataract_065.png,"{""cataract"":""1""}"
cataract_066.png,"{""cataract"":""1""}"
cataract_067.png,"{""cataract"":""1""}"
cataract_068.png,"{""cataract"":""1""}"
cataract_069.png,"{""cataract"":""1""}"
cataract_070.png,"{""cataract"":""1""}"
cataract_071.png,"{""cataract"":""1""}"
cataract_072.png,"{""cataract"":""1""}"
cataract_073.png,"{""cataract"":""1""}"
cataract_074.png,"{""cataract"":""1""}"
cataract_075.png,"{""cataract"":""1""}"
cataract_076.png,"{""cataract"":""1""}"
cataract_077.png,"{""cataract"":""1""}"
cataract_078.png,"{""cataract"":""1""}"
cataract_079.png,"{""cataract"":""1""}"
cataract_080.png,"{""cataract"":""1""}"
cataract_081.png,"{""cataract"":""1""}"
cataract_082.png,"{""cataract"":""1""}"
cataract_083.png,"{""cataract"":""1""}"
cataract_084.png,"{""cataract"":""1""}"
cataract_085.png,"{""cataract"":""1""}"
cataract_086.png,"{""cataract"":""1""}"
cataract_087.png,"{""cataract"":""1""}"
cataract_088.png,"{""cataract"":""1""}"
cataract_089.png,"{""cataract"":""1""}"
cataract_090.png,"{""cataract"":""1""}"
cataract_091.png,"{""cataract"":""1""}"
cataract_092.png,"{""cataract"":""1""}"
cataract_093.png,"{""cataract"":""1""}"
cataract_094.png,"{""cataract"":""1""}"
cataract_095.png,"{""cataract"":""1""}"
cataract_096.png,"{""cataract"":""1""}"
cataract_097.png,"{""cataract"":""1""}"
cataract_098.png,"{""cataract"":""1""}"
cataract_099.png,"{""cataract"":""1""}"
cataract_100.png,"{""cataract"":""1""}"
_0_4015166.jpg,"{""cataract"":""1""}"
_100_334408.jpg,"{""cataract"":""1""}"
_101_5139882.jpg,"{""cataract"":""1""}"
_101_709333.jpg,"{""cataract"":""1""}"
_102_1024926.jpg,"{""cataract"":""1""}"
_102_3990401.jpg,"{""cataract"":""1""}"
_103_5897328.jpg,"{""cataract"":""1""}"
_104_4607170.jpg,"{""cataract"":""1""}"
_105_5646774.jpg,"{""cataract"":""1""}"
_105_5956883.jpg,"{""cataract"":""1""}"
_106_5284713.jpg,"{""cataract"":""1""}"
_107_5060742.jpg,"{""cataract"":""1""}"
_108_750835.jpg,"{""cataract"":""1""}"
_108_8917257.jpg,"{""cataract"":""1""}"
_109_2006348.jpg,"{""cataract"":""1""}"
_109_2655056.jpg,"{""cataract"":""1""}"
_10_3215668.jpg,"{""cataract"":""1""}"
_110_5076150.jpg,"{""cataract"":""1""}"
_111_9826667.jpg,"{""cataract"":""1""}"
_112_3727502.jpg,"{""cataract"":""1""}"
_112_9621689.jpg,"{""cataract"":""1""}"
_113_1734230.jpg,"{""cataract"":""1""}"
_113_2699140.jpg,"{""cataract"":""1""}"
_114_3613830.jpg,"{""cataract"":""1""}"
_114_5711178.jpg,"{""cataract"":""1""}"
_114_9773152.jpg,"{""cataract"":""1""}"
_115_1763401.jpg,"{""cataract"":""1""}"
_115_6901151.jpg,"{""cataract"":""1""}"
_116_4683353.jpg,"{""cataract"":""1""}"
_117_6521529.jpg,"{""cataract"":""1""}"
_118_6296686.jpg,"{""cataract"":""1""}"
_119_6929742.jpg,"{""cataract"":""1""}"
_119_9887385.jpg,"{""cataract"":""1""}"
_11_7158929.jpg,"{""cataract"":""1""}"
_120_2375814.jpg,"{""cataract"":""1""}"
_120_3067914.jpg,"{""cataract"":""1""}"
_121_3847336.jpg,"{""cataract"":""1""}"
_121_5210506.jpg,"{""cataract"":""1""}"
_122_7237312.jpg,"{""cataract"":""1""}"
_123_8135331.jpg,"{""cataract"":""1""}"
_124_496149.jpg,"{""cataract"":""1""}"
_125_6571967.jpg,"{""cataract"":""1""}"
_126_1745653.jpg,"{""cataract"":""1""}"
_126_4964568.jpg,"{""cataract"":""1""}"
_127_2102071.jpg,"{""cataract"":""1""}"
_128_4502689.jpg,"{""cataract"":""1""}"
_129_3024383.jpg,"{""cataract"":""1""}"
_129_5296959.jpg,"{""cataract"":""1""}"
_12_5233869.jpg,"{""cataract"":""1""}"
_130_3561448.jpg,"{""cataract"":""1""}"
_130_7837321.jpg,"{""cataract"":""1""}"
_131_7587386.jpg,"{""cataract"":""1""}"
_131_863673.jpg,"{""cataract"":""1""}"
_132_7102134.jpg,"{""cataract"":""1""}"
_133_1300923.jpg,"{""cataract"":""1""}"
_134_4903477.jpg,"{""cataract"":""1""}"
_135_5639464.jpg,"{""cataract"":""1""}"
_135_7789155.jpg,"{""cataract"":""1""}"
_136_4030185.jpg,"{""cataract"":""1""}"
_137_7856304.jpg,"{""cataract"":""1""}"
_138_1949117.jpg,"{""cataract"":""1""}"
_139_583821.jpg,"{""cataract"":""1""}"
_13_3987009.jpg,"{""cataract"":""1""}"
_140_1534199.jpg,"{""cataract"":""1""}"
_141_3457945.jpg,"{""cataract"":""1""}"
_141_9740629.jpg,"{""cataract"":""1""}"
_142_7918627.jpg,"{""cataract"":""1""}"
_143_1247400.jpg,"{""cataract"":""1""}"
_143_9392801.jpg,"{""cataract"":""1""}"
_144_4907178.jpg,"{""cataract"":""1""}"
_144_6424765.jpg,"{""cataract"":""1""}"
_144_7061237.jpg,"{""cataract"":""1""}"
_145_6931784.jpg,"{""cataract"":""1""}"
_146_4268935.jpg,"{""cataract"":""1""}"
_146_5945090.jpg,"{""cataract"":""1""}"
_147_3710804.jpg,"{""cataract"":""1""}"
_147_3796034.jpg,"{""cataract"":""1""}"
_148_6795884.jpg,"{""cataract"":""1""}"
_149_3115900.jpg,"{""cataract"":""1""}"
_149_9419457.jpg,"{""cataract"":""1""}"
_14_7805520.jpg,"{""cataract"":""1""}"
_150_2517277.jpg,"{""cataract"":""1""}"
_150_8876899.jpg,"{""cataract"":""1""}"
_151_4262050.jpg,"{""cataract"":""1""}"
_151_5293593.jpg,"{""cataract"":""1""}"
_152_8894820.jpg,"{""cataract"":""1""}"
_152_9176638.jpg,"{""cataract"":""1""}"
_153_5085382.jpg,"{""cataract"":""1""}"
_154_1054490.jpg,"{""cataract"":""1""}"
_154_6316287.jpg,"{""cataract"":""1""}"
_155_2004552.jpg,"{""cataract"":""1""}"
_156_6418009.jpg,"{""cataract"":""1""}"
_157_2679833.jpg,"{""cataract"":""1""}"
_157_8093661.jpg,"{""cataract"":""1""}"
_158_2964657.jpg,"{""cataract"":""1""}"
_158_6990173.jpg,"{""cataract"":""1""}"
_159_1399279.jpg,"{""cataract"":""1""}"
_159_5245707.jpg,"{""cataract"":""1""}"
_159_8564797.jpg,"{""cataract"":""1""}"
_15_7471583.jpg,"{""cataract"":""1""}"
_160_9941636.jpg,"{""cataract"":""1""}"
_160_9986895.jpg,"{""cataract"":""1""}"
_161_3798587.jpg,"{""cataract"":""1""}"
_162_3096677.jpg,"{""cataract"":""1""}"
_162_3770706.jpg,"{""cataract"":""1""}"
_163_2414975.jpg,"{""cataract"":""1""}"
_163_6585488.jpg,"{""cataract"":""1""}"
_163_6979961.jpg,"{""cataract"":""1""}"
_164_4857097.jpg,"{""cataract"":""1""}"
_165_8028203.jpg,"{""cataract"":""1""}"
_166_6232447.jpg,"{""cataract"":""1""}"
_166_7102152.jpg,"{""cataract"":""1""}"
_167_2873590.jpg,"{""cataract"":""1""}"
_168_2726147.jpg,"{""cataract"":""1""}"
_168_4661031.jpg,"{""cataract"":""1""}"
_169_5886938.jpg,"{""cataract"":""1""}"
_16_1907643.jpg,"{""cataract"":""1""}"
_16_8423210.jpg,"{""cataract"":""1""}"
_170_1001041.jpg,"{""cataract"":""1""}"
_170_4585047.jpg,"{""cataract"":""1""}"
_170_5458800.jpg,"{""cataract"":""1""}"
_171_4298450.jpg,"{""cataract"":""1""}"
_171_5903297.jpg,"{""cataract"":""1""}"
_172_1350351.jpg,"{""cataract"":""1""}"
_172_4553386.jpg,"{""cataract"":""1""}"
_172_5595526.jpg,"{""cataract"":""1""}"
_173_6477739.jpg,"{""cataract"":""1""}"
_173_9178799.jpg,"{""cataract"":""1""}"
_174_1289707.jpg,"{""cataract"":""1""}"
_174_2373322.jpg,"{""cataract"":""1""}"
_175_2515467.jpg,"{""cataract"":""1""}"
_175_4238344.jpg,"{""cataract"":""1""}"
_176_2398738.jpg,"{""cataract"":""1""}"
_176_4641501.jpg,"{""cataract"":""1""}"
_176_7840976.jpg,"{""cataract"":""1""}"
_177_2299576.jpg,"{""cataract"":""1""}"
_178_8645920.jpg,"{""cataract"":""1""}"
_179_3417628.jpg,"{""cataract"":""1""}"
_17_1497593.jpg,"{""cataract"":""1""}"
_17_6538881.jpg,"{""cataract"":""1""}"
_180_5849178.jpg,"{""cataract"":""1""}"
_180_8003252.jpg,"{""cataract"":""1""}"
_181_2009794.jpg,"{""cataract"":""1""}"
_181_5482893.jpg,"{""cataract"":""1""}"
_182_8895927.jpg,"{""cataract"":""1""}"
_182_9646286.jpg,"{""cataract"":""1""}"
_183_2695432.jpg,"{""cataract"":""1""}"
_183_2869065.jpg,"{""cataract"":""1""}"
_184_5733369.jpg,"{""cataract"":""1""}"
_184_5953446.jpg,"{""cataract"":""1""}"
_185_1841552.jpg,"{""cataract"":""1""}"
_185_7271854.jpg,"{""cataract"":""1""}"
_186_7038738.jpg,"{""cataract"":""1""}"
_187_1814280.jpg,"{""cataract"":""1""}"
_187_5549549.jpg,"{""cataract"":""1""}"
_188_5482423.jpg,"{""cataract"":""1""}"
_189_1773149.jpg,"{""cataract"":""1""}"
_189_5910645.jpg,"{""cataract"":""1""}"
_18_3816222.jpg,"{""cataract"":""1""}"
_18_952924.jpg,"{""cataract"":""1""}"
_190_3033991.jpg,"{""cataract"":""1""}"
_190_7244239.jpg,"{""cataract"":""1""}"
_191_9356535.jpg,"{""cataract"":""1""}"
_192_7851600.jpg,"{""cataract"":""1""}"
_193_4841605.jpg,"{""cataract"":""1""}"
_193_6483689.jpg,"{""cataract"":""1""}"
_194_6438145.jpg,"{""cataract"":""1""}"
_195_1750450.jpg,"{""cataract"":""1""}"
_195_3247880.jpg,"{""cataract"":""1""}"
_196_4818116.jpg,"{""cataract"":""1""}"
_196_6946219.jpg,"{""cataract"":""1""}"
_197_2029104.jpg,"{""cataract"":""1""}"
_197_5321234.jpg,"{""cataract"":""1""}"
_198_3243264.jpg,"{""cataract"":""1""}"
_198_3804403.jpg,"{""cataract"":""1""}"
_198_6027510.jpg,"{""cataract"":""1""}"
_199_2279189.jpg,"{""cataract"":""1""}"
_19_9976222.jpg,"{""cataract"":""1""}"
_1_5346540.jpg,"{""cataract"":""1""}"
_1_7703314.jpg,"{""cataract"":""1""}"
_200_9649683.jpg,"{""cataract"":""1""}"
_201_2875079.jpg,"{""cataract"":""1""}"
_201_841062.jpg,"{""cataract"":""1""}"
_202_4720633.jpg,"{""cataract"":""1""}"
_203_3825515.jpg,"{""cataract"":""1""}"
_203_6969732.jpg,"{""cataract"":""1""}"
_204_5979635.jpg,"{""cataract"":""1""}"
_204_6939524.jpg,"{""cataract"":""1""}"
_205_1775772.jpg,"{""cataract"":""1""}"
_206_4468888.jpg,"{""cataract"":""1""}"
_206_6210252.jpg,"{""cataract"":""1""}"
_207_6945490.jpg,"{""cataract"":""1""}"
_207_8213037.jpg,"{""cataract"":""1""}"
_208_168871.jpg,"{""cataract"":""1""}"
_208_2337200.jpg,"{""cataract"":""1""}"
_209_2468249.jpg,"{""cataract"":""1""}"
_209_4208693.jpg,"{""cataract"":""1""}"
_20_6629557.jpg,"{""cataract"":""1""}"
_210_8722439.jpg,"{""cataract"":""1""}"
_211_3296609.jpg,"{""cataract"":""1""}"
_211_9288352.jpg,"{""cataract"":""1""}"
_212_7340392.jpg,"{""cataract"":""1""}"
_212_8423506.jpg,"{""cataract"":""1""}"
_213_1709362.jpg,"{""cataract"":""1""}"
_214_267241.jpg,"{""cataract"":""1""}"
_214_5569507.jpg,"{""cataract"":""1""}"
_215_3764172.jpg,"{""cataract"":""1""}"
_216_7774590.jpg,"{""cataract"":""1""}"
_217_6662129.jpg,"{""cataract"":""1""}"
_217_8865645.jpg,"{""cataract"":""1""}"
_218_2512305.jpg,"{""cataract"":""1""}"
_218_687151.jpg,"{""cataract"":""1""}"
_219_4968838.jpg,"{""cataract"":""1""}"
_21_4533748.jpg,"{""cataract"":""1""}"
_21_8755311.jpg,"{""cataract"":""1""}"
_220_2113285.jpg,"{""cataract"":""1""}"
_221_6907746.jpg,"{""cataract"":""1""}"
_221_9234991.jpg,"{""cataract"":""1""}"
_222_7343969.jpg,"{""cataract"":""1""}"
_223_4290439.jpg,"{""cataract"":""1""}"
_224_4070697.jpg,"{""cataract"":""1""}"
_224_4837152.jpg,"{""cataract"":""1""}"
_225_8520.jpg,"{""cataract"":""1""}"
_226_4234312.jpg,"{""cataract"":""1""}"
_227_1163752.jpg,"{""cataract"":""1""}"
_227_498752.jpg,"{""cataract"":""1""}"
_227_9889754.jpg,"{""cataract"":""1""}"
_228_2229739.jpg,"{""cataract"":""1""}"
_228_4231065.jpg,"{""cataract"":""1""}"
_229_5185520.jpg,"{""cataract"":""1""}"
_22_2368616.jpg,"{""cataract"":""1""}"
_22_9724179.jpg,"{""cataract"":""1""}"
_230_7976367.jpg,"{""cataract"":""1""}"
_230_9762004.jpg,"{""cataract"":""1""}"
_231_3245768.jpg,"{""cataract"":""1""}"
_232_6943070.jpg,"{""cataract"":""1""}"
_233_8101340.jpg,"{""cataract"":""1""}"
_233_9763374.jpg,"{""cataract"":""1""}"
_234_579953.jpg,"{""cataract"":""1""}"
_235_2122461.jpg,"{""cataract"":""1""}"
_236_9551809.jpg,"{""cataract"":""1""}"
_237_8444315.jpg,"{""cataract"":""1""}"
_237_9130201.jpg,"{""cataract"":""1""}"
_238_358899.jpg,"{""cataract"":""1""}"
_238_5389628.jpg,"{""cataract"":""1""}"
_238_9445598.jpg,"{""cataract"":""1""}"
_239_3022913.jpg,"{""cataract"":""1""}"
_23_4636959.jpg,"{""cataract"":""1""}"
_23_5187079.jpg,"{""cataract"":""1""}"
_23_9533792.jpg,"{""cataract"":""1""}"
_240_4981563.jpg,"{""cataract"":""1""}"
_241_6604562.jpg,"{""cataract"":""1""}"
_241_7236668.jpg,"{""cataract"":""1""}"
_242_3038184.jpg,"{""cataract"":""1""}"
_242_7073642.jpg,"{""cataract"":""1""}"
_243_1070648.jpg,"{""cataract"":""1""}"
_243_5311552.jpg,"{""cataract"":""1""}"
_244_3481752.jpg,"{""cataract"":""1""}"
_244_5451565.jpg,"{""cataract"":""1""}"
_245_498355.jpg,"{""cataract"":""1""}"
_245_5686342.jpg,"{""cataract"":""1""}"
_245_789720.jpg,"{""cataract"":""1""}"
_246_8777337.jpg,"{""cataract"":""1""}"
_247_7009710.jpg,"{""cataract"":""1""}"
_247_9509040.jpg,"{""cataract"":""1""}"
_248_3607543.jpg,"{""cataract"":""1""}"
_248_8765348.jpg,"{""cataract"":""1""}"
_249_4807123.jpg,"{""cataract"":""1""}"
_24_6096407.jpg,"{""cataract"":""1""}"
_24_8522038.jpg,"{""cataract"":""1""}"
_250_4727436.jpg,"{""cataract"":""1""}"
_251_1089143.jpg,"{""cataract"":""1""}"
_251_6299381.jpg,"{""cataract"":""1""}"
_252_4692803.jpg,"{""cataract"":""1""}"
_252_5300307.jpg,"{""cataract"":""1""}"
_253_1359558.jpg,"{""cataract"":""1""}"
_253_643151.jpg,"{""cataract"":""1""}"
_254_1206508.jpg,"{""cataract"":""1""}"
_254_9630074.jpg,"{""cataract"":""1""}"
_255_7810419.jpg,"{""cataract"":""1""}"
_256_5928804.jpg,"{""cataract"":""1""}"
_257_8575584.jpg,"{""cataract"":""1""}"
_257_9976187.jpg,"{""cataract"":""1""}"
_258_1685319.jpg,"{""cataract"":""1""}"
_258_9144081.jpg,"{""cataract"":""1""}"
_259_2170334.jpg,"{""cataract"":""1""}"
_259_9554919.jpg,"{""cataract"":""1""}"
_25_4707227.jpg,"{""cataract"":""1""}"
_260_4628277.jpg,"{""cataract"":""1""}"
_261_1001819.jpg,"{""cataract"":""1""}"
_262_2214906.jpg,"{""cataract"":""1""}"
_262_7895370.jpg,"{""cataract"":""1""}"
_263_7022799.jpg,"{""cataract"":""1""}"
_263_9418780.jpg,"{""cataract"":""1""}"
_264_422425.jpg,"{""cataract"":""1""}"
_264_4584815.jpg,"{""cataract"":""1""}"
_265_7470675.jpg,"{""cataract"":""1""}"
_266_5676850.jpg,"{""cataract"":""1""}"
_267_6890587.jpg,"{""cataract"":""1""}"
_267_7559168.jpg,"{""cataract"":""1""}"
_268_113112.jpg,"{""cataract"":""1""}"
_268_8496846.jpg,"{""cataract"":""1""}"
_269_2821321.jpg,"{""cataract"":""1""}"
_269_5232883.jpg,"{""cataract"":""1""}"
_26_1879474.jpg,"{""cataract"":""1""}"
_26_2782553.jpg,"{""cataract"":""1""}"
_270_58393.jpg,"{""cataract"":""1""}"
_270_651748.jpg,"{""cataract"":""1""}"
_270_9344899.jpg,"{""cataract"":""1""}"
_271_8355519.jpg,"{""cataract"":""1""}"
_272_4578328.jpg,"{""cataract"":""1""}"
_272_7270483.jpg,"{""cataract"":""1""}"
_273_7267841.jpg,"{""cataract"":""1""}"
_273_9043733.jpg,"{""cataract"":""1""}"
_274_6913203.jpg,"{""cataract"":""1""}"
_274_8144937.jpg,"{""cataract"":""1""}"
_275_3439882.jpg,"{""cataract"":""1""}"
_276_1796806.jpg,"{""cataract"":""1""}"
_277_8311217.jpg,"{""cataract"":""1""}"
_277_9501088.jpg,"{""cataract"":""1""}"
_278_248700.jpg,"{""cataract"":""1""}"
_278_8657701.jpg,"{""cataract"":""1""}"
_279_2310498.jpg,"{""cataract"":""1""}"
_279_4656331.jpg,"{""cataract"":""1""}"
_27_6695157.jpg,"{""cataract"":""1""}"
_280_4533213.jpg,"{""cataract"":""1""}"
_280_7714585.jpg,"{""cataract"":""1""}"
_281_5275221.jpg,"{""cataract"":""1""}"
_282_3209093.jpg,"{""cataract"":""1""}"
_282_3503490.jpg,"{""cataract"":""1""}"
_283_4908640.jpg,"{""cataract"":""1""}"
_283_6068531.jpg,"{""cataract"":""1""}"
_284_7380745.jpg,"{""cataract"":""1""}"
_285_4325184.jpg,"{""cataract"":""1""}"
_286_6140741.jpg,"{""cataract"":""1""}"
_287_401023.jpg,"{""cataract"":""1""}"
_287_8846352.jpg,"{""cataract"":""1""}"
_288_8210584.jpg,"{""cataract"":""1""}"
_288_9182789.jpg,"{""cataract"":""1""}"
_289_683957.jpg,"{""cataract"":""1""}"
_289_7475172.jpg,"{""cataract"":""1""}"
_28_8675632.jpg,"{""cataract"":""1""}"
_290_9207731.jpg,"{""cataract"":""1""}"
_291_9986876.jpg,"{""cataract"":""1""}"
_292_2084855.jpg,"{""cataract"":""1""}"
_292_4314144.jpg,"{""cataract"":""1""}"
_292_8455118.jpg,"{""cataract"":""1""}"
_293_1732996.jpg,"{""cataract"":""1""}"
_294_2444042.jpg,"{""cataract"":""1""}"
_294_4497450.jpg,"{""cataract"":""1""}"
_295_4841360.jpg,"{""cataract"":""1""}"
_295_558295.jpg,"{""cataract"":""1""}"
_295_8218216.jpg,"{""cataract"":""1""}"
_296_3277370.jpg,"{""cataract"":""1""}"
_297_3925010.jpg,"{""cataract"":""1""}"
_298_5577948.jpg,"{""cataract"":""1""}"
_298_9693365.jpg,"{""cataract"":""1""}"
_299_8679417.jpg,"{""cataract"":""1""}"
_29_5190417.jpg,"{""cataract"":""1""}"
_2_1600849.jpg,"{""cataract"":""1""}"
_2_5883027.jpg,"{""cataract"":""1""}"
_2_8900343.jpg,"{""cataract"":""1""}"
_300_1946959.jpg,"{""cataract"":""1""}"
_301_5387162.jpg,"{""cataract"":""1""}"
_302_3915909.jpg,"{""cataract"":""1""}"
_302_822867.jpg,"{""cataract"":""1""}"
_303_1474676.jpg,"{""cataract"":""1""}"
_304_4376168.jpg,"{""cataract"":""1""}"
_305_58584.jpg,"{""cataract"":""1""}"
_305_9499345.jpg,"{""cataract"":""1""}"
_306_8888195.jpg,"{""cataract"":""1""}"
_307_2047689.jpg,"{""cataract"":""1""}"
_307_7425412.jpg,"{""cataract"":""1""}"
_308_4657236.jpg,"{""cataract"":""1""}"
_309_9754398.jpg,"{""cataract"":""1""}"
_30_4231084.jpg,"{""cataract"":""1""}"
_30_8983681.jpg,"{""cataract"":""1""}"
_310_7977481.jpg,"{""cataract"":""1""}"
_311_3993772.jpg,"{""cataract"":""1""}"
_311_4402042.jpg,"{""cataract"":""1""}"
_312_2543225.jpg,"{""cataract"":""1""}"
_312_2776118.jpg,"{""cataract"":""1""}"
_313_6548836.jpg,"{""cataract"":""1""}"
_314_3594023.jpg,"{""cataract"":""1""}"
_314_8133392.jpg,"{""cataract"":""1""}"
_314_8935717.jpg,"{""cataract"":""1""}"
_315_1312896.jpg,"{""cataract"":""1""}"
_315_3140714.jpg,"{""cataract"":""1""}"
_316_2112344.jpg,"{""cataract"":""1""}"
_317_4205093.jpg,"{""cataract"":""1""}"
_318_4106741.jpg,"{""cataract"":""1""}"
_319_3184825.jpg,"{""cataract"":""1""}"
_319_3822227.jpg,"{""cataract"":""1""}"
_31_5635423.jpg,"{""cataract"":""1""}"
_31_8523261.jpg,"{""cataract"":""1""}"
_320_6448598.jpg,"{""cataract"":""1""}"
_321_2144914.jpg,"{""cataract"":""1""}"
_321_6270889.jpg,"{""cataract"":""1""}"
_322_2685252.jpg,"{""cataract"":""1""}"
_323_1448180.jpg,"{""cataract"":""1""}"
_323_2492245.jpg,"{""cataract"":""1""}"
_324_9920354.jpg,"{""cataract"":""1""}"
_325_168910.jpg,"{""cataract"":""1""}"
_326_1274700.jpg,"{""cataract"":""1""}"
_326_3620282.jpg,"{""cataract"":""1""}"
_326_3940502.jpg,"{""cataract"":""1""}"
_327_3715152.jpg,"{""cataract"":""1""}"
_328_3269333.jpg,"{""cataract"":""1""}"
_329_4545620.jpg,"{""cataract"":""1""}"
_329_5467190.jpg,"{""cataract"":""1""}"
_32_9062172.jpg,"{""cataract"":""1""}"
_32_9153320.jpg,"{""cataract"":""1""}"
_330_5478095.jpg,"{""cataract"":""1""}"
_330_7361630.jpg,"{""cataract"":""1""}"
_331_2978484.jpg,"{""cataract"":""1""}"
_332_5964742.jpg,"{""cataract"":""1""}"
_332_7698256.jpg,"{""cataract"":""1""}"
_332_9730811.jpg,"{""cataract"":""1""}"
_333_2805221.jpg,"{""cataract"":""1""}"
_333_4052700.jpg,"{""cataract"":""1""}"
_334_1360238.jpg,"{""cataract"":""1""}"
_334_6427863.jpg,"{""cataract"":""1""}"
_335_2109396.jpg,"{""cataract"":""1""}"
_335_9176239.jpg,"{""cataract"":""1""}"
_336_8535989.jpg,"{""cataract"":""1""}"
_337_6800255.jpg,"{""cataract"":""1""}"
_338_6734383.jpg,"{""cataract"":""1""}"
_339_9106724.jpg,"{""cataract"":""1""}"
_33_692344.jpg,"{""cataract"":""1""}"
_340_3239094.jpg,"{""cataract"":""1""}"
_341_8692985.jpg,"{""cataract"":""1""}"
_342_2775386.jpg,"{""cataract"":""1""}"
_343_2631213.jpg,"{""cataract"":""1""}"
_344_5181730.jpg,"{""cataract"":""1""}"
_345_2495680.jpg,"{""cataract"":""1""}"
_345_8957256.jpg,"{""cataract"":""1""}"
_346_6209704.jpg,"{""cataract"":""1""}"
_347_6987666.jpg,"{""cataract"":""1""}"
_347_7413999.jpg,"{""cataract"":""1""}"
_348_8120738.jpg,"{""cataract"":""1""}"
_349_2751142.jpg,"{""cataract"":""1""}"
_349_4292233.jpg,"{""cataract"":""1""}"
_34_2026427.jpg,"{""cataract"":""1""}"
_34_2290989.jpg,"{""cataract"":""1""}"
_350_1666948.jpg,"{""cataract"":""1""}"
_350_7541734.jpg,"{""cataract"":""1""}"
_351_5778657.jpg,"{""cataract"":""1""}"
_351_7651498.jpg,"{""cataract"":""1""}"
_352_2938767.jpg,"{""cataract"":""1""}"
_352_5217565.jpg,"{""cataract"":""1""}"
_353_3624065.jpg,"{""cataract"":""1""}"
_353_8002933.jpg,"{""cataract"":""1""}"
_354_5293531.jpg,"{""cataract"":""1""}"
_355_6490108.jpg,"{""cataract"":""1""}"
_356_7744260.jpg,"{""cataract"":""1""}"
_356_8261086.jpg,"{""cataract"":""1""}"
_357_8304812.jpg,"{""cataract"":""1""}"
_358_1004212.jpg,"{""cataract"":""1""}"
_358_2608507.jpg,"{""cataract"":""1""}"
_359_2555267.jpg,"{""cataract"":""1""}"
_359_6265965.jpg,"{""cataract"":""1""}"
_35_3480407.jpg,"{""cataract"":""1""}"
_360_3983039.jpg,"{""cataract"":""1""}"
_361_2261122.jpg,"{""cataract"":""1""}"
_361_423366.jpg,"{""cataract"":""1""}"
_362_4801225.jpg,"{""cataract"":""1""}"
_362_9739218.jpg,"{""cataract"":""1""}"
_363_2736933.jpg,"{""cataract"":""1""}"
_363_7332544.jpg,"{""cataract"":""1""}"
_364_9397731.jpg,"{""cataract"":""1""}"
_365_6266228.jpg,"{""cataract"":""1""}"
_365_8356754.jpg,"{""cataract"":""1""}"
_366_1717014.jpg,"{""cataract"":""1""}"
_366_983964.jpg,"{""cataract"":""1""}"
_367_2864412.jpg,"{""cataract"":""1""}"
_367_9940827.jpg,"{""cataract"":""1""}"
_368_3722136.jpg,"{""cataract"":""1""}"
_368_8153741.jpg,"{""cataract"":""1""}"
_369_7001529.jpg,"{""cataract"":""1""}"
_36_1799809.jpg,"{""cataract"":""1""}"
_36_5599796.jpg,"{""cataract"":""1""}"
_370_1424453.jpg,"{""cataract"":""1""}"
_370_5205357.jpg,"{""cataract"":""1""}"
_371_8717830.jpg,"{""cataract"":""1""}"
_372_5630593.jpg,"{""cataract"":""1""}"
_373_4029422.jpg,"{""cataract"":""1""}"
_374_3493833.jpg,"{""cataract"":""1""}"
_374_8613138.jpg,"{""cataract"":""1""}"
_375_8898265.jpg,"{""cataract"":""1""}"
_375_9227285.jpg,"{""cataract"":""1""}"
_376_9321900.jpg,"{""cataract"":""1""}"
_377_1993330.jpg,"{""cataract"":""1""}"
_378_2183024.jpg,"{""cataract"":""1""}"
_378_7653956.jpg,"{""cataract"":""1""}"
_379_3919297.jpg,"{""cataract"":""1""}"
_379_8385603.jpg,"{""cataract"":""1""}"
_37_7526265.jpg,"{""cataract"":""1""}"
_37_8896673.jpg,"{""cataract"":""1""}"
_380_7004130.jpg,"{""cataract"":""1""}"
_380_8765246.jpg,"{""cataract"":""1""}"
_381_5407671.jpg,"{""cataract"":""1""}"
_381_6039460.jpg,"{""cataract"":""1""}"
_382_1061054.jpg,"{""cataract"":""1""}"
_383_4165819.jpg,"{""cataract"":""1""}"
_384_4668888.jpg,"{""cataract"":""1""}"
_385_4113427.jpg,"{""cataract"":""1""}"
_386_4269538.jpg,"{""cataract"":""1""}"
_387_449073.jpg,"{""cataract"":""1""}"
_388_2242538.jpg,"{""cataract"":""1""}"
_389_2605189.jpg,"{""cataract"":""1""}"
_38_5463921.jpg,"{""cataract"":""1""}"
_390_1354382.jpg,"{""cataract"":""1""}"
_390_5561281.jpg,"{""cataract"":""1""}"
_391_2115124.jpg,"{""cataract"":""1""}"
_391_3026815.jpg,"{""cataract"":""1""}"
_392_3084035.jpg,"{""cataract"":""1""}"
_392_7918570.jpg,"{""cataract"":""1""}"
_393_746807.jpg,"{""cataract"":""1""}"
_394_1321417.jpg,"{""cataract"":""1""}"
_394_4972049.jpg,"{""cataract"":""1""}"
_395_8303850.jpg,"{""cataract"":""1""}"
_396_4783302.jpg,"{""cataract"":""1""}"
_396_6097231.jpg,"{""cataract"":""1""}"
_397_8948757.jpg,"{""cataract"":""1""}"
_398_329081.jpg,"{""cataract"":""1""}"
_398_8365643.jpg,"{""cataract"":""1""}"
_399_6667595.jpg,"{""cataract"":""1""}"
_39_9762209.jpg,"{""cataract"":""1""}"
_39_9936846.jpg,"{""cataract"":""1""}"
_3_4674992.jpg,"{""cataract"":""1""}"
_400_7591244.jpg,"{""cataract"":""1""}"
_400_7969437.jpg,"{""cataract"":""1""}"
_40_3866061.jpg,"{""cataract"":""1""}"
_40_4103987.jpg,"{""cataract"":""1""}"
_41_6704276.jpg,"{""cataract"":""1""}"
_41_7645755.jpg,"{""cataract"":""1""}"
_42_7486921.jpg,"{""cataract"":""1""}"
_42_9949990.jpg,"{""cataract"":""1""}"
_43_5838123.jpg,"{""cataract"":""1""}"
_44_6970984.jpg,"{""cataract"":""1""}"
_44_8713938.jpg,"{""cataract"":""1""}"
_45_6457682.jpg,"{""cataract"":""1""}"
_46_4314985.jpg,"{""cataract"":""1""}"
_46_7308563.jpg,"{""cataract"":""1""}"
_47_4608506.jpg,"{""cataract"":""1""}"
_48_1110786.jpg,"{""cataract"":""1""}"
_48_7953833.jpg,"{""cataract"":""1""}"
_49_1539697.jpg,"{""cataract"":""1""}"
_49_2405371.jpg,"{""cataract"":""1""}"
_49_7277741.jpg,"{""cataract"":""1""}"
_4_1244424.jpg,"{""cataract"":""1""}"
_4_7491150.jpg,"{""cataract"":""1""}"
_50_1920746.jpg,"{""cataract"":""1""}"
_50_3163122.jpg,"{""cataract"":""1""}"
_51_7561724.jpg,"{""cataract"":""1""}"
_52_3704655.jpg,"{""cataract"":""1""}"
_52_7569766.jpg,"{""cataract"":""1""}"
_53_8912600.jpg,"{""cataract"":""1""}"
_54_2420057.jpg,"{""cataract"":""1""}"
_54_6540326.jpg,"{""cataract"":""1""}"
_55_8463221.jpg,"{""cataract"":""1""}"
_56_3359017.jpg,"{""cataract"":""1""}"
_57_3959793.jpg,"{""cataract"":""1""}"
_57_8463167.jpg,"{""cataract"":""1""}"
_58_7683562.jpg,"{""cataract"":""1""}"
_59_2574195.jpg,"{""cataract"":""1""}"
_59_8958387.jpg,"{""cataract"":""1""}"
_5_9005506.jpg,"{""cataract"":""1""}"
_60_2561089.jpg,"{""cataract"":""1""}"
_60_7070159.jpg,"{""cataract"":""1""}"
_61_2475173.jpg,"{""cataract"":""1""}"
_61_3633947.jpg,"{""cataract"":""1""}"
_62_4386293.jpg,"{""cataract"":""1""}"
_62_4939088.jpg,"{""cataract"":""1""}"
_62_9491665.jpg,"{""cataract"":""1""}"
_63_4246818.jpg,"{""cataract"":""1""}"
_63_7923836.jpg,"{""cataract"":""1""}"
_64_2615880.jpg,"{""cataract"":""1""}"
_64_5229674.jpg,"{""cataract"":""1""}"
_65_5167591.jpg,"{""cataract"":""1""}"
_66_625523.jpg,"{""cataract"":""1""}"
_66_9729796.jpg,"{""cataract"":""1""}"
_67_2701502.jpg,"{""cataract"":""1""}"
_67_7544085.jpg,"{""cataract"":""1""}"
_68_132563.jpg,"{""cataract"":""1""}"
_68_6182618.jpg,"{""cataract"":""1""}"
_69_3198217.jpg,"{""cataract"":""1""}"
_69_4758198.jpg,"{""cataract"":""1""}"
_6_4834075.jpg,"{""cataract"":""1""}"
_6_6261868.jpg,"{""cataract"":""1""}"
_70_3464173.jpg,"{""cataract"":""1""}"
_70_6811978.jpg,"{""cataract"":""1""}"
_71_5079718.jpg,"{""cataract"":""1""}"
_71_7808711.jpg,"{""cataract"":""1""}"
_72_6009084.jpg,"{""cataract"":""1""}"
_72_8796984.jpg,"{""cataract"":""1""}"
_73_1828688.jpg,"{""cataract"":""1""}"
_74_5402652.jpg,"{""cataract"":""1""}"
_75_6801378.jpg,"{""cataract"":""1""}"
_76_3327192.jpg,"{""cataract"":""1""}"
_77_2197698.jpg,"{""cataract"":""1""}"
_77_938150.jpg,"{""cataract"":""1""}"
_78_267330.jpg,"{""cataract"":""1""}"
_78_8248707.jpg,"{""cataract"":""1""}"
_79_1123955.jpg,"{""cataract"":""1""}"
_7_1388234.jpg,"{""cataract"":""1""}"
_7_2330751.jpg,"{""cataract"":""1""}"
_80_2744347.jpg,"{""cataract"":""1""}"
_80_8675414.jpg,"{""cataract"":""1""}"
_81_5591649.jpg,"{""cataract"":""1""}"
_81_6384668.jpg,"{""cataract"":""1""}"
_82_1805923.jpg,"{""cataract"":""1""}"
_83_8570399.jpg,"{""cataract"":""1""}"
_84_9231607.jpg,"{""cataract"":""1""}"
_85_2405112.jpg,"{""cataract"":""1""}"
_85_5757077.jpg,"{""cataract"":""1""}"
_86_4443360.jpg,"{""cataract"":""1""}"
_86_8666413.jpg,"{""cataract"":""1""}"
_87_635890.jpg,"{""cataract"":""1""}"
_88_1858467.jpg,"{""cataract"":""1""}"
_88_7869628.jpg,"{""cataract"":""1""}"
_89_2075481.jpg,"{""cataract"":""1""}"
_89_450120.jpg,"{""cataract"":""1""}"
_89_6878178.jpg,"{""cataract"":""1""}"
_8_7059542.jpg,"{""cataract"":""1""}"
_90_3742626.jpg,"{""cataract"":""1""}"
_90_4479779.jpg,"{""cataract"":""1""}"
_90_4763455.jpg,"{""cataract"":""1""}"
_91_7118539.jpg,"{""cataract"":""1""}"
_92_5284437.jpg,"{""cataract"":""1""}"
_93_7584804.jpg,"{""cataract"":""1""}"
_94_5517058.jpg,"{""cataract"":""1""}"
_95_592187.jpg,"{""cataract"":""1""}"
_96_5515894.jpg,"{""cataract"":""1""}"
_96_6290965.jpg,"{""cataract"":""1""}"
_97_6398110.jpg,"{""cataract"":""1""}"
_97_761368.jpg,"{""cataract"":""1""}"
_98_9687825.jpg,"{""cataract"":""1""}"
_99_746342.jpg,"{""cataract"":""1""}"
_9_1244013.jpg,"{""cataract"":""1""}"
1034_left.jpg,"{""cataract"":""0""}"
1034_right.jpg,"{""cataract"":""0""}"
1060_left.jpg,"{""cataract"":""0""}"
1060_right.jpg,"{""cataract"":""0""}"
1253_left.jpg,"{""cataract"":""0""}"
1253_right.jpg,"{""cataract"":""0""}"
2329_left.jpg,"{""cataract"":""0""}"
2329_right.jpg,"{""cataract"":""0""}"
2331_left.jpg,"{""cataract"":""0""}"
2331_right.jpg,"{""cataract"":""0""}"
2332_left.jpg,"{""cataract"":""0""}"
2332_right.jpg,"{""cataract"":""0""}"
2334_left.jpg,"{""cataract"":""0""}"
2334_right.jpg,"{""cataract"":""0""}"
2335_left.jpg,"{""cataract"":""0""}"
2335_right.jpg,"{""cataract"":""0""}"
2341_left.jpg,"{""cataract"":""0""}"
2341_right.jpg,"{""cataract"":""0""}"
2345_left.jpg,"{""cataract"":""0""}"
2345_right.jpg,"{""cataract"":""0""}"
2346_left.jpg,"{""cataract"":""0""}"
2346_right.jpg,"{""cataract"":""0""}"
2349_left.jpg,"{""cataract"":""0""}"
2349_right.jpg,"{""cataract"":""0""}"
2351_left.jpg,"{""cataract"":""0""}"
2351_right.jpg,"{""cataract"":""0""}"
2353_left.jpg,"{""cataract"":""0""}"
2353_right.jpg,"{""cataract"":""0""}"
2354_left.jpg,"{""cataract"":""0""}"
2354_right.jpg,"{""cataract"":""0""}"
2355_left.jpg,"{""cataract"":""0""}"
2355_right.jpg,"{""cataract"":""0""}"
2356_left.jpg,"{""cataract"":""0""}"
2356_right.jpg,"{""cataract"":""0""}"
2359_left.jpg,"{""cataract"":""0""}"
2359_right.jpg,"{""cataract"":""0""}"
2362_left.jpg,"{""cataract"":""0""}"
2362_right.jpg,"{""cataract"":""0""}"
2363_left.jpg,"{""cataract"":""0""}"
2363_right.jpg,"{""cataract"":""0""}"
2365_left.jpg,"{""cataract"":""0""}"
2365_right.jpg,"{""cataract"":""0""}"
2366_left.jpg,"{""cataract"":""0""}"
2366_right.jpg,"{""cataract"":""0""}"
2367_left.jpg,"{""cataract"":""0""}"
2367_right.jpg,"{""cataract"":""0""}"
2368_left.jpg,"{""cataract"":""0""}"
2368_right.jpg,"{""cataract"":""0""}"
2369_left.jpg,"{""cataract"":""0""}"
2369_right.jpg,"{""cataract"":""0""}"
2371_left.jpg,"{""cataract"":""0""}"
2371_right.jpg,"{""cataract"":""0""}"
2372_left.jpg,"{""cataract"":""0""}"
2372_right.jpg,"{""cataract"":""0""}"
2377_left.jpg,"{""cataract"":""0""}"
2378_left.jpg,"{""cataract"":""0""}"
2378_right.jpg,"{""cataract"":""0""}"
2380_left.jpg,"{""cataract"":""0""}"
2380_right.jpg,"{""cataract"":""0""}"
2382_left.jpg,"{""cataract"":""0""}"
2382_right.jpg,"{""cataract"":""0""}"
2383_left.jpg,"{""cataract"":""0""}"
2383_right.jpg,"{""cataract"":""0""}"
2384_left.jpg,"{""cataract"":""0""}"
2384_right.jpg,"{""cataract"":""0""}"
2386_left.jpg,"{""cataract"":""0""}"
2386_right.jpg,"{""cataract"":""0""}"
2388_left.jpg,"{""cataract"":""0""}"
2388_right.jpg,"{""cataract"":""0""}"
2389_left.jpg,"{""cataract"":""0""}"
2389_right.jpg,"{""cataract"":""0""}"
2393_left.jpg,"{""cataract"":""0""}"
2393_right.jpg,"{""cataract"":""0""}"
2394_left.jpg,"{""cataract"":""0""}"
2394_right.jpg,"{""cataract"":""0""}"
2395_left.jpg,"{""cataract"":""0""}"
2395_right.jpg,"{""cataract"":""0""}"
2396_left.jpg,"{""cataract"":""0""}"
2396_right.jpg,"{""cataract"":""0""}"
2397_left.jpg,"{""cataract"":""0""}"
2397_right.jpg,"{""cataract"":""0""}"
2399_left.jpg,"{""cataract"":""0""}"
2399_right.jpg,"{""cataract"":""0""}"
2400_right.jpg,"{""cataract"":""0""}"
2403_left.jpg,"{""cataract"":""0""}"
2403_right.jpg,"{""cataract"":""0""}"
2408_left.jpg,"{""cataract"":""0""}"
2408_right.jpg,"{""cataract"":""0""}"
2410_left.jpg,"{""cataract"":""0""}"
2410_right.jpg,"{""cataract"":""0""}"
2415_left.jpg,"{""cataract"":""0""}"
2415_right.jpg,"{""cataract"":""0""}"
2418_left.jpg,"{""cataract"":""0""}"
2418_right.jpg,"{""cataract"":""0""}"
2419_left.jpg,"{""cataract"":""0""}"
2419_right.jpg,"{""cataract"":""0""}"
2421_left.jpg,"{""cataract"":""0""}"
2421_right.jpg,"{""cataract"":""0""}"
2422_left.jpg,"{""cataract"":""0""}"
2422_right.jpg,"{""cataract"":""0""}"
2423_left.jpg,"{""cataract"":""0""}"
2423_right.jpg,"{""cataract"":""0""}"
2426_left.jpg,"{""cataract"":""0""}"
2426_right.jpg,"{""cataract"":""0""}"
2427_left.jpg,"{""cataract"":""0""}"
2427_right.jpg,"{""cataract"":""0""}"
2428_left.jpg,"{""cataract"":""0""}"
2432_left.jpg,"{""cataract"":""0""}"
2432_right.jpg,"{""cataract"":""0""}"
2435_left.jpg,"{""cataract"":""0""}"
2435_right.jpg,"{""cataract"":""0""}"
2437_left.jpg,"{""cataract"":""0""}"
2437_right.jpg,"{""cataract"":""0""}"
2438_left.jpg,"{""cataract"":""0""}"
2438_right.jpg,"{""cataract"":""0""}"
2441_left.jpg,"{""cataract"":""0""}"
2441_right.jpg,"{""cataract"":""0""}"
2443_left.jpg,"{""cataract"":""0""}"
2443_right.jpg,"{""cataract"":""0""}"
2444_left.jpg,"{""cataract"":""0""}"
2444_right.jpg,"{""cataract"":""0""}"
2446_left.jpg,"{""cataract"":""0""}"
2446_right.jpg,"{""cataract"":""0""}"
2448_left.jpg,"{""cataract"":""0""}"
2456_left.jpg,"{""cataract"":""0""}"
2456_right.jpg,"{""cataract"":""0""}"
2463_left.jpg,"{""cataract"":""0""}"
2463_right.jpg,"{""cataract"":""0""}"
2465_left.jpg,"{""cataract"":""0""}"
2465_right.jpg,"{""cataract"":""0""}"
2466_left.jpg,"{""cataract"":""0""}"
2466_right.jpg,"{""cataract"":""0""}"
2469_left.jpg,"{""cataract"":""0""}"
2469_right.jpg,"{""cataract"":""0""}"
2470_left.jpg,"{""cataract"":""0""}"
2470_right.jpg,"{""cataract"":""0""}"
2475_left.jpg,"{""cataract"":""0""}"
2475_right.jpg,"{""cataract"":""0""}"
2477_left.jpg,"{""cataract"":""0""}"
2478_left.jpg,"{""cataract"":""0""}"
2481_left.jpg,"{""cataract"":""0""}"
2481_right.jpg,"{""cataract"":""0""}"
2482_left.jpg,"{""cataract"":""0""}"
2482_right.jpg,"{""cataract"":""0""}"
2483_left.jpg,"{""cataract"":""0""}"
2483_right.jpg,"{""cataract"":""0""}"
2484_left.jpg,"{""cataract"":""0""}"
2484_right.jpg,"{""cataract"":""0""}"
2485_left.jpg,"{""cataract"":""0""}"
2485_right.jpg,"{""cataract"":""0""}"
2486_left.jpg,"{""cataract"":""0""}"
2486_right.jpg,"{""cataract"":""0""}"
2488_left.jpg,"{""cataract"":""0""}"
2488_right.jpg,"{""cataract"":""0""}"
2489_left.jpg,"{""cataract"":""0""}"
2489_right.jpg,"{""cataract"":""0""}"
2493_left.jpg,"{""cataract"":""0""}"
2493_right.jpg,"{""cataract"":""0""}"
2496_right.jpg,"{""cataract"":""0""}"
2499_left.jpg,"{""cataract"":""0""}"
2499_right.jpg,"{""cataract"":""0""}"
2500_left.jpg,"{""cataract"":""0""}"
2500_right.jpg,"{""cataract"":""0""}"
2501_left.jpg,"{""cataract"":""0""}"
2501_right.jpg,"{""cataract"":""0""}"
2504_left.jpg,"{""cataract"":""0""}"
2504_right.jpg,"{""cataract"":""0""}"
2506_left.jpg,"{""cataract"":""0""}"
2506_right.jpg,"{""cataract"":""0""}"
2507_left.jpg,"{""cataract"":""0""}"
2507_right.jpg,"{""cataract"":""0""}"
2508_left.jpg,"{""cataract"":""0""}"
2508_right.jpg,"{""cataract"":""0""}"
2510_left.jpg,"{""cataract"":""0""}"
2510_right.jpg,"{""cataract"":""0""}"
2512_left.jpg,"{""cataract"":""0""}"
2512_right.jpg,"{""cataract"":""0""}"
2515_left.jpg,"{""cataract"":""0""}"
2517_left.jpg,"{""cataract"":""0""}"
2517_right.jpg,"{""cataract"":""0""}"
2518_left.jpg,"{""cataract"":""0""}"
2518_right.jpg,"{""cataract"":""0""}"
2519_left.jpg,"{""cataract"":""0""}"
2519_right.jpg,"{""cataract"":""0""}"
2521_left.jpg,"{""cataract"":""0""}"
2521_right.jpg,"{""cataract"":""0""}"
2523_left.jpg,"{""cataract"":""0""}"
2523_right.jpg,"{""cataract"":""0""}"
2524_left.jpg,"{""cataract"":""0""}"
2524_right.jpg,"{""cataract"":""0""}"
2525_left.jpg,"{""cataract"":""0""}"
2525_right.jpg,"{""cataract"":""0""}"
2527_left.jpg,"{""cataract"":""0""}"
2527_right.jpg,"{""cataract"":""0""}"
2529_left.jpg,"{""cataract"":""0""}"
2529_right.jpg,"{""cataract"":""0""}"
2531_left.jpg,"{""cataract"":""0""}"
2531_right.jpg,"{""cataract"":""0""}"
2533_left.jpg,"{""cataract"":""0""}"
2533_right.jpg,"{""cataract"":""0""}"
2535_left.jpg,"{""cataract"":""0""}"
2535_right.jpg,"{""cataract"":""0""}"
2538_left.jpg,"{""cataract"":""0""}"
2538_right.jpg,"{""cataract"":""0""}"
2540_left.jpg,"{""cataract"":""0""}"
2540_right.jpg,"{""cataract"":""0""}"
2542_left.jpg,"{""cataract"":""0""}"
2542_right.jpg,"{""cataract"":""0""}"
2543_left.jpg,"{""cataract"":""0""}"
2543_right.jpg,"{""cataract"":""0""}"
2547_left.jpg,"{""cataract"":""0""}"
2547_right.jpg,"{""cataract"":""0""}"
2548_left.jpg,"{""cataract"":""0""}"
2548_right.jpg,"{""cataract"":""0""}"
2554_left.jpg,"{""cataract"":""0""}"
2554_right.jpg,"{""cataract"":""0""}"
2556_left.jpg,"{""cataract"":""0""}"
2556_right.jpg,"{""cataract"":""0""}"
2558_left.jpg,"{""cataract"":""0""}"
2558_right.jpg,"{""cataract"":""0""}"
2563_left.jpg,"{""cataract"":""0""}"
2563_right.jpg,"{""cataract"":""0""}"
2564_left.jpg,"{""cataract"":""0""}"
2564_right.jpg,"{""cataract"":""0""}"
2565_left.jpg,"{""cataract"":""0""}"
2565_right.jpg,"{""cataract"":""0""}"
2567_left.jpg,"{""cataract"":""0""}"
2567_right.jpg,"{""cataract"":""0""}"
2569_left.jpg,"{""cataract"":""0""}"
2569_right.jpg,"{""cataract"":""0""}"
2570_left.jpg,"{""cataract"":""0""}"
2570_right.jpg,"{""cataract"":""0""}"
2572_left.jpg,"{""cataract"":""0""}"
2572_right.jpg,"{""cataract"":""0""}"
2573_left.jpg,"{""cataract"":""0""}"
2573_right.jpg,"{""cataract"":""0""}"
2574_left.jpg,"{""cataract"":""0""}"
2574_right.jpg,"{""cataract"":""0""}"
2575_left.jpg,"{""cataract"":""0""}"
2575_right.jpg,"{""cataract"":""0""}"
2576_left.jpg,"{""cataract"":""0""}"
2576_right.jpg,"{""cataract"":""0""}"
2577_left.jpg,"{""cataract"":""0""}"
2577_right.jpg,"{""cataract"":""0""}"
2580_right.jpg,"{""cataract"":""0""}"
2583_left.jpg,"{""cataract"":""0""}"
2583_right.jpg,"{""cataract"":""0""}"
2585_left.jpg,"{""cataract"":""0""}"
2585_right.jpg,"{""cataract"":""0""}"
2586_left.jpg,"{""cataract"":""0""}"
2586_right.jpg,"{""cataract"":""0""}"
2587_left.jpg,"{""cataract"":""0""}"
2587_right.jpg,"{""cataract"":""0""}"
2588_left.jpg,"{""cataract"":""0""}"
2588_right.jpg,"{""cataract"":""0""}"
2589_right.jpg,"{""cataract"":""0""}"
2591_left.jpg,"{""cataract"":""0""}"
2591_right.jpg,"{""cataract"":""0""}"
2594_left.jpg,"{""cataract"":""0""}"
2594_right.jpg,"{""cataract"":""0""}"
2597_left.jpg,"{""cataract"":""0""}"
2597_right.jpg,"{""cataract"":""0""}"
2598_left.jpg,"{""cataract"":""0""}"
2598_right.jpg,"{""cataract"":""0""}"
2599_left.jpg,"{""cataract"":""0""}"
2599_right.jpg,"{""cataract"":""0""}"
2600_left.jpg,"{""cataract"":""0""}"
2600_right.jpg,"{""cataract"":""0""}"
2602_left.jpg,"{""cataract"":""0""}"
2602_right.jpg,"{""cataract"":""0""}"
2603_left.jpg,"{""cataract"":""0""}"
2603_right.jpg,"{""cataract"":""0""}"
2604_left.jpg,"{""cataract"":""0""}"
2604_right.jpg,"{""cataract"":""0""}"
2608_left.jpg,"{""cataract"":""0""}"
2608_right.jpg,"{""cataract"":""0""}"
2609_left.jpg,"{""cataract"":""0""}"
2609_right.jpg,"{""cataract"":""0""}"
2610_left.jpg,"{""cataract"":""0""}"
2610_right.jpg,"{""cataract"":""0""}"
2616_left.jpg,"{""cataract"":""0""}"
2616_right.jpg,"{""cataract"":""0""}"
2617_left.jpg,"{""cataract"":""0""}"
2617_right.jpg,"{""cataract"":""0""}"
2622_left.jpg,"{""cataract"":""0""}"
2622_right.jpg,"{""cataract"":""0""}"
2624_left.jpg,"{""cataract"":""0""}"
2624_right.jpg,"{""cataract"":""0""}"
2627_left.jpg,"{""cataract"":""0""}"
2627_right.jpg,"{""cataract"":""0""}"
2632_left.jpg,"{""cataract"":""0""}"
2632_right.jpg,"{""cataract"":""0""}"
2633_left.jpg,"{""cataract"":""0""}"
2633_right.jpg,"{""cataract"":""0""}"
2634_left.jpg,"{""cataract"":""0""}"
2634_right.jpg,"{""cataract"":""0""}"
2637_left.jpg,"{""cataract"":""0""}"
2637_right.jpg,"{""cataract"":""0""}"
2638_left.jpg,"{""cataract"":""0""}"
2638_right.jpg,"{""cataract"":""0""}"
2640_left.jpg,"{""cataract"":""0""}"
2640_right.jpg,"{""cataract"":""0""}"
2641_left.jpg,"{""cataract"":""0""}"
2641_right.jpg,"{""cataract"":""0""}"
2642_left.jpg,"{""cataract"":""0""}"
2642_right.jpg,"{""cataract"":""0""}"
2643_left.jpg,"{""cataract"":""0""}"
2643_right.jpg,"{""cataract"":""0""}"
2645_left.jpg,"{""cataract"":""0""}"
2645_right.jpg,"{""cataract"":""0""}"
2647_left.jpg,"{""cataract"":""0""}"
2647_right.jpg,"{""cataract"":""0""}"
2649_left.jpg,"{""cataract"":""0""}"
2649_right.jpg,"{""cataract"":""0""}"
2650_left.jpg,"{""cataract"":""0""}"
2650_right.jpg,"{""cataract"":""0""}"
2651_left.jpg,"{""cataract"":""0""}"
2651_right.jpg,"{""cataract"":""0""}"
2652_left.jpg,"{""cataract"":""0""}"
2652_right.jpg,"{""cataract"":""0""}"
2653_left.jpg,"{""cataract"":""0""}"
2653_right.jpg,"{""cataract"":""0""}"
2655_left.jpg,"{""cataract"":""0""}"
2655_right.jpg,"{""cataract"":""0""}"
2657_left.jpg,"{""cataract"":""0""}"
2657_right.jpg,"{""cataract"":""0""}"
2658_left.jpg,"{""cataract"":""0""}"
2658_right.jpg,"{""cataract"":""0""}"
2659_left.jpg,"{""cataract"":""0""}"
2659_right.jpg,"{""cataract"":""0""}"
2660_left.jpg,"{""cataract"":""0""}"
2660_right.jpg,"{""cataract"":""0""}"
2661_left.jpg,"{""cataract"":""0""}"
2661_right.jpg,"{""cataract"":""0""}"
2662_left.jpg,"{""cataract"":""0""}"
2662_right.jpg,"{""cataract"":""0""}"
2667_left.jpg,"{""cataract"":""0""}"
2667_right.jpg,"{""cataract"":""0""}"
2672_left.jpg,"{""cataract"":""0""}"
2672_right.jpg,"{""cataract"":""0""}"
2673_left.jpg,"{""cataract"":""0""}"
2673_right.jpg,"{""cataract"":""0""}"
2675_left.jpg,"{""cataract"":""0""}"
2675_right.jpg,"{""cataract"":""0""}"
2676_right.jpg,"{""cataract"":""0""}"
2677_left.jpg,"{""cataract"":""0""}"
2677_right.jpg,"{""cataract"":""0""}"
2680_left.jpg,"{""cataract"":""0""}"
2680_right.jpg,"{""cataract"":""0""}"
2681_left.jpg,"{""cataract"":""0""}"
2681_right.jpg,"{""cataract"":""0""}"
2685_left.jpg,"{""cataract"":""0""}"
2685_right.jpg,"{""cataract"":""0""}"
2688_left.jpg,"{""cataract"":""0""}"
2688_right.jpg,"{""cataract"":""0""}"
2689_left.jpg,"{""cataract"":""0""}"
2689_right.jpg,"{""cataract"":""0""}"
2690_left.jpg,"{""cataract"":""0""}"
2690_right.jpg,"{""cataract"":""0""}"
2695_left.jpg,"{""cataract"":""0""}"
2695_right.jpg,"{""cataract"":""0""}"
2696_left.jpg,"{""cataract"":""0""}"
2696_right.jpg,"{""cataract"":""0""}"
2697_left.jpg,"{""cataract"":""0""}"
2697_right.jpg,"{""cataract"":""0""}"
2699_left.jpg,"{""cataract"":""0""}"
2699_right.jpg,"{""cataract"":""0""}"
2702_left.jpg,"{""cataract"":""0""}"
2702_right.jpg,"{""cataract"":""0""}"
2704_left.jpg,"{""cataract"":""0""}"
2704_right.jpg,"{""cataract"":""0""}"
2705_left.jpg,"{""cataract"":""0""}"
2705_right.jpg,"{""cataract"":""0""}"
2707_left.jpg,"{""cataract"":""0""}"
2707_right.jpg,"{""cataract"":""0""}"
2708_left.jpg,"{""cataract"":""0""}"
2708_right.jpg,"{""cataract"":""0""}"
2709_left.jpg,"{""cataract"":""0""}"
2709_right.jpg,"{""cataract"":""0""}"
2710_left.jpg,"{""cataract"":""0""}"
2710_right.jpg,"{""cataract"":""0""}"
2712_left.jpg,"{""cataract"":""0""}"
2712_right.jpg,"{""cataract"":""0""}"
2713_left.jpg,"{""cataract"":""0""}"
2713_right.jpg,"{""cataract"":""0""}"
2718_left.jpg,"{""cataract"":""0""}"
2718_right.jpg,"{""cataract"":""0""}"
2726_left.jpg,"{""cataract"":""0""}"
2726_right.jpg,"{""cataract"":""0""}"
2728_left.jpg,"{""cataract"":""0""}"
2728_right.jpg,"{""cataract"":""0""}"
2729_left.jpg,"{""cataract"":""0""}"
2730_left.jpg,"{""cataract"":""0""}"
2730_right.jpg,"{""cataract"":""0""}"
2732_left.jpg,"{""cataract"":""0""}"
2732_right.jpg,"{""cataract"":""0""}"
2735_left.jpg,"{""cataract"":""0""}"
2735_right.jpg,"{""cataract"":""0""}"
2736_left.jpg,"{""cataract"":""0""}"
2736_right.jpg,"{""cataract"":""0""}"
2737_right.jpg,"{""cataract"":""0""}"
2740_left.jpg,"{""cataract"":""0""}"
2740_right.jpg,"{""cataract"":""0""}"
2742_left.jpg,"{""cataract"":""0""}"
2742_right.jpg,"{""cataract"":""0""}"
2743_left.jpg,"{""cataract"":""0""}"
2743_right.jpg,"{""cataract"":""0""}"
2748_left.jpg,"{""cataract"":""0""}"
2748_right.jpg,"{""cataract"":""0""}"
2749_left.jpg,"{""cataract"":""0""}"
2749_right.jpg,"{""cataract"":""0""}"
2750_left.jpg,"{""cataract"":""0""}"
2750_right.jpg,"{""cataract"":""0""}"
2752_right.jpg,"{""cataract"":""0""}"
2755_left.jpg,"{""cataract"":""0""}"
2755_right.jpg,"{""cataract"":""0""}"
2756_right.jpg,"{""cataract"":""0""}"
2761_left.jpg,"{""cataract"":""0""}"
2761_right.jpg,"{""cataract"":""0""}"
2763_left.jpg,"{""cataract"":""0""}"
2763_right.jpg,"{""cataract"":""0""}"
2764_left.jpg,"{""cataract"":""0""}"
2764_right.jpg,"{""cataract"":""0""}"
2767_left.jpg,"{""cataract"":""0""}"
2767_right.jpg,"{""cataract"":""0""}"
2768_left.jpg,"{""cataract"":""0""}"
2768_right.jpg,"{""cataract"":""0""}"
2770_left.jpg,"{""cataract"":""0""}"
2770_right.jpg,"{""cataract"":""0""}"
2771_left.jpg,"{""cataract"":""0""}"
2771_right.jpg,"{""cataract"":""0""}"
2773_left.jpg,"{""cataract"":""0""}"
2773_right.jpg,"{""cataract"":""0""}"
2775_left.jpg,"{""cataract"":""0""}"
2775_right.jpg,"{""cataract"":""0""}"
2777_left.jpg,"{""cataract"":""0""}"
2777_right.jpg,"{""cataract"":""0""}"
2779_left.jpg,"{""cataract"":""0""}"
2779_right.jpg,"{""cataract"":""0""}"
2780_left.jpg,"{""cataract"":""0""}"
2780_right.jpg,"{""cataract"":""0""}"
2782_left.jpg,"{""cataract"":""0""}"
2782_right.jpg,"{""cataract"":""0""}"
2786_left.jpg,"{""cataract"":""0""}"
2786_right.jpg,"{""cataract"":""0""}"
2787_left.jpg,"{""cataract"":""0""}"
2787_right.jpg,"{""cataract"":""0""}"
2789_left.jpg,"{""cataract"":""0""}"
2789_right.jpg,"{""cataract"":""0""}"
2790_left.jpg,"{""cataract"":""0""}"
2790_right.jpg,"{""cataract"":""0""}"
2791_left.jpg,"{""cataract"":""0""}"
2791_right.jpg,"{""cataract"":""0""}"
2794_left.jpg,"{""cataract"":""0""}"
2794_right.jpg,"{""cataract"":""0""}"
2795_left.jpg,"{""cataract"":""0""}"
2795_right.jpg,"{""cataract"":""0""}"
2797_left.jpg,"{""cataract"":""0""}"
2797_right.jpg,"{""cataract"":""0""}"
2798_left.jpg,"{""cataract"":""0""}"
2798_right.jpg,"{""cataract"":""0""}"
2802_left.jpg,"{""cataract"":""0""}"
2802_right.jpg,"{""cataract"":""0""}"
2806_left.jpg,"{""cataract"":""0""}"
2806_right.jpg,"{""cataract"":""0""}"
2807_left.jpg,"{""cataract"":""0""}"
2807_right.jpg,"{""cataract"":""0""}"
2808_left.jpg,"{""cataract"":""0""}"
2808_right.jpg,"{""cataract"":""0""}"
2811_left.jpg,"{""cataract"":""0""}"
2811_right.jpg,"{""cataract"":""0""}"
2812_left.jpg,"{""cataract"":""0""}"
2812_right.jpg,"{""cataract"":""0""}"
2813_left.jpg,"{""cataract"":""0""}"
2813_right.jpg,"{""cataract"":""0""}"
2815_left.jpg,"{""cataract"":""0""}"
2815_right.jpg,"{""cataract"":""0""}"
2817_left.jpg,"{""cataract"":""0""}"
2817_right.jpg,"{""cataract"":""0""}"
2820_left.jpg,"{""cataract"":""0""}"
2820_right.jpg,"{""cataract"":""0""}"
2821_left.jpg,"{""cataract"":""0""}"
2821_right.jpg,"{""cataract"":""0""}"
2822_left.jpg,"{""cataract"":""0""}"
2822_right.jpg,"{""cataract"":""0""}"
2826_left.jpg,"{""cataract"":""0""}"
2826_right.jpg,"{""cataract"":""0""}"
2827_left.jpg,"{""cataract"":""0""}"
2827_right.jpg,"{""cataract"":""0""}"
2829_left.jpg,"{""cataract"":""0""}"
2829_right.jpg,"{""cataract"":""0""}"
2833_left.jpg,"{""cataract"":""0""}"
2833_right.jpg,"{""cataract"":""0""}"
2834_left.jpg,"{""cataract"":""0""}"
2834_right.jpg,"{""cataract"":""0""}"
2835_left.jpg,"{""cataract"":""0""}"
2835_right.jpg,"{""cataract"":""0""}"
2837_left.jpg,"{""cataract"":""0""}"
2837_right.jpg,"{""cataract"":""0""}"
2838_left.jpg,"{""cataract"":""0""}"
2838_right.jpg,"{""cataract"":""0""}"
2839_left.jpg,"{""cataract"":""0""}"
2839_right.jpg,"{""cataract"":""0""}"
2841_left.jpg,"{""cataract"":""0""}"
2841_right.jpg,"{""cataract"":""0""}"
2842_left.jpg,"{""cataract"":""0""}"
2842_right.jpg,"{""cataract"":""0""}"
2843_left.jpg,"{""cataract"":""0""}"
2843_right.jpg,"{""cataract"":""0""}"
2844_left.jpg,"{""cataract"":""0""}"
2844_right.jpg,"{""cataract"":""0""}"
2846_left.jpg,"{""cataract"":""0""}"
2846_right.jpg,"{""cataract"":""0""}"
2848_left.jpg,"{""cataract"":""0""}"
2848_right.jpg,"{""cataract"":""0""}"
2849_left.jpg,"{""cataract"":""0""}"
2849_right.jpg,"{""cataract"":""0""}"
2850_left.jpg,"{""cataract"":""0""}"
2850_right.jpg,"{""cataract"":""0""}"
2851_right.jpg,"{""cataract"":""0""}"
2852_left.jpg,"{""cataract"":""0""}"
2852_right.jpg,"{""cataract"":""0""}"
2853_left.jpg,"{""cataract"":""0""}"
2853_right.jpg,"{""cataract"":""0""}"
2857_left.jpg,"{""cataract"":""0""}"
2857_right.jpg,"{""cataract"":""0""}"
2858_left.jpg,"{""cataract"":""0""}"
2858_right.jpg,"{""cataract"":""0""}"
2860_left.jpg,"{""cataract"":""0""}"
2860_right.jpg,"{""cataract"":""0""}"
2862_left.jpg,"{""cataract"":""0""}"
2862_right.jpg,"{""cataract"":""0""}"
2864_left.jpg,"{""cataract"":""0""}"
2864_right.jpg,"{""cataract"":""0""}"
2869_left.jpg,"{""cataract"":""0""}"
2869_right.jpg,"{""cataract"":""0""}"
2872_left.jpg,"{""cataract"":""0""}"
2872_right.jpg,"{""cataract"":""0""}"
2878_left.jpg,"{""cataract"":""0""}"
2878_right.jpg,"{""cataract"":""0""}"
2880_left.jpg,"{""cataract"":""0""}"
2880_right.jpg,"{""cataract"":""0""}"
2881_left.jpg,"{""cataract"":""0""}"
2881_right.jpg,"{""cataract"":""0""}"
2882_left.jpg,"{""cataract"":""0""}"
2882_right.jpg,"{""cataract"":""0""}"
2883_left.jpg,"{""cataract"":""0""}"
2883_right.jpg,"{""cataract"":""0""}"
2884_left.jpg,"{""cataract"":""0""}"
2884_right.jpg,"{""cataract"":""0""}"
2886_left.jpg,"{""cataract"":""0""}"
2886_right.jpg,"{""cataract"":""0""}"
2887_left.jpg,"{""cataract"":""0""}"
2887_right.jpg,"{""cataract"":""0""}"
2889_left.jpg,"{""cataract"":""0""}"
2889_right.jpg,"{""cataract"":""0""}"
2890_left.jpg,"{""cataract"":""0""}"
2890_right.jpg,"{""cataract"":""0""}"
2892_left.jpg,"{""cataract"":""0""}"
2892_right.jpg,"{""cataract"":""0""}"
2895_left.jpg,"{""cataract"":""0""}"
2895_right.jpg,"{""cataract"":""0""}"
2897_left.jpg,"{""cataract"":""0""}"
2897_right.jpg,"{""cataract"":""0""}"
2907_left.jpg,"{""cataract"":""0""}"
2907_right.jpg,"{""cataract"":""0""}"
2908_left.jpg,"{""cataract"":""0""}"
2908_right.jpg,"{""cataract"":""0""}"
2910_left.jpg,"{""cataract"":""0""}"
2910_right.jpg,"{""cataract"":""0""}"
2911_left.jpg,"{""cataract"":""0""}"
2911_right.jpg,"{""cataract"":""0""}"
2915_left.jpg,"{""cataract"":""0""}"
2915_right.jpg,"{""cataract"":""0""}"
2919_left.jpg,"{""cataract"":""0""}"
2919_right.jpg,"{""cataract"":""0""}"
2924_left.jpg,"{""cataract"":""0""}"
2924_right.jpg,"{""cataract"":""0""}"
2931_left.jpg,"{""cataract"":""0""}"
2931_right.jpg,"{""cataract"":""0""}"
2932_left.jpg,"{""cataract"":""0""}"
2932_right.jpg,"{""cataract"":""0""}"
2933_left.jpg,"{""cataract"":""0""}"
2933_right.jpg,"{""cataract"":""0""}"
2935_left.jpg,"{""cataract"":""0""}"
2935_right.jpg,"{""cataract"":""0""}"
2940_left.jpg,"{""cataract"":""0""}"
2940_right.jpg,"{""cataract"":""0""}"
2942_left.jpg,"{""cataract"":""0""}"
2942_right.jpg,"{""cataract"":""0""}"
2944_left.jpg,"{""cataract"":""0""}"
2944_right.jpg,"{""cataract"":""0""}"
2946_left.jpg,"{""cataract"":""0""}"
2946_right.jpg,"{""cataract"":""0""}"
2948_left.jpg,"{""cataract"":""0""}"
2948_right.jpg,"{""cataract"":""0""}"
2950_left.jpg,"{""cataract"":""0""}"
2950_right.jpg,"{""cataract"":""0""}"
2952_left.jpg,"{""cataract"":""0""}"
2952_right.jpg,"{""cataract"":""0""}"
2953_left.jpg,"{""cataract"":""0""}"
2953_right.jpg,"{""cataract"":""0""}"
2957_left.jpg,"{""cataract"":""0""}"
2957_right.jpg,"{""cataract"":""0""}"
2961_left.jpg,"{""cataract"":""0""}"
2961_right.jpg,"{""cataract"":""0""}"
2962_left.jpg,"{""cataract"":""0""}"
2962_right.jpg,"{""cataract"":""0""}"
2966_left.jpg,"{""cataract"":""0""}"
2966_right.jpg,"{""cataract"":""0""}"
2967_left.jpg,"{""cataract"":""0""}"
2967_right.jpg,"{""cataract"":""0""}"
2971_left.jpg,"{""cataract"":""0""}"
2971_right.jpg,"{""cataract"":""0""}"
2974_left.jpg,"{""cataract"":""0""}"
2974_right.jpg,"{""cataract"":""0""}"
2975_left.jpg,"{""cataract"":""0""}"
2975_right.jpg,"{""cataract"":""0""}"
2979_left.jpg,"{""cataract"":""0""}"
2979_right.jpg,"{""cataract"":""0""}"
2980_left.jpg,"{""cataract"":""0""}"
2980_right.jpg,"{""cataract"":""0""}"
2981_left.jpg,"{""cataract"":""0""}"
2981_right.jpg,"{""cataract"":""0""}"
2984_left.jpg,"{""cataract"":""0""}"
2984_right.jpg,"{""cataract"":""0""}"
2985_left.jpg,"{""cataract"":""0""}"
2985_right.jpg,"{""cataract"":""0""}"
2988_left.jpg,"{""cataract"":""0""}"
2988_right.jpg,"{""cataract"":""0""}"
2991_left.jpg,"{""cataract"":""0""}"
2991_right.jpg,"{""cataract"":""0""}"
2992_left.jpg,"{""cataract"":""0""}"
2992_right.jpg,"{""cataract"":""0""}"
2996_left.jpg,"{""cataract"":""0""}"
2996_right.jpg,"{""cataract"":""0""}"
3000_left.jpg,"{""cataract"":""0""}"
3000_right.jpg,"{""cataract"":""0""}"
3001_left.jpg,"{""cataract"":""0""}"
3001_right.jpg,"{""cataract"":""0""}"
3004_left.jpg,"{""cataract"":""0""}"
3004_right.jpg,"{""cataract"":""0""}"
3007_left.jpg,"{""cataract"":""0""}"
3007_right.jpg,"{""cataract"":""0""}"
3008_left.jpg,"{""cataract"":""0""}"
3008_right.jpg,"{""cataract"":""0""}"
3009_left.jpg,"{""cataract"":""0""}"
3009_right.jpg,"{""cataract"":""0""}"
3010_left.jpg,"{""cataract"":""0""}"
3010_right.jpg,"{""cataract"":""0""}"
3011_left.jpg,"{""cataract"":""0""}"
3011_right.jpg,"{""cataract"":""0""}"
3013_left.jpg,"{""cataract"":""0""}"
3013_right.jpg,"{""cataract"":""0""}"
3016_left.jpg,"{""cataract"":""0""}"
3016_right.jpg,"{""cataract"":""0""}"
3017_left.jpg,"{""cataract"":""0""}"
3017_right.jpg,"{""cataract"":""0""}"
3018_left.jpg,"{""cataract"":""0""}"
3018_right.jpg,"{""cataract"":""0""}"
3020_left.jpg,"{""cataract"":""0""}"
3020_right.jpg,"{""cataract"":""0""}"
3025_left.jpg,"{""cataract"":""0""}"
3025_right.jpg,"{""cataract"":""0""}"
3026_left.jpg,"{""cataract"":""0""}"
3026_right.jpg,"{""cataract"":""0""}"
3029_left.jpg,"{""cataract"":""0""}"
3029_right.jpg,"{""cataract"":""0""}"
3034_left.jpg,"{""cataract"":""0""}"
3034_right.jpg,"{""cataract"":""0""}"
3037_right.jpg,"{""cataract"":""0""}"
3038_left.jpg,"{""cataract"":""0""}"
3038_right.jpg,"{""cataract"":""0""}"
3040_left.jpg,"{""cataract"":""0""}"
3040_right.jpg,"{""cataract"":""0""}"
3042_left.jpg,"{""cataract"":""0""}"
3042_right.jpg,"{""cataract"":""0""}"
3044_left.jpg,"{""cataract"":""0""}"
3044_right.jpg,"{""cataract"":""0""}"
3050_left.jpg,"{""cataract"":""0""}"
3050_right.jpg,"{""cataract"":""0""}"
3051_left.jpg,"{""cataract"":""0""}"
3051_right.jpg,"{""cataract"":""0""}"
3052_left.jpg,"{""cataract"":""0""}"
3052_right.jpg,"{""cataract"":""0""}"
3054_left.jpg,"{""cataract"":""0""}"
3054_right.jpg,"{""cataract"":""0""}"
3056_left.jpg,"{""cataract"":""0""}"
3056_right.jpg,"{""cataract"":""0""}"
3057_left.jpg,"{""cataract"":""0""}"
3057_right.jpg,"{""cataract"":""0""}"
3058_left.jpg,"{""cataract"":""0""}"
3058_right.jpg,"{""cataract"":""0""}"
3059_left.jpg,"{""cataract"":""0""}"
3059_right.jpg,"{""cataract"":""0""}"
3062_left.jpg,"{""cataract"":""0""}"
3062_right.jpg,"{""cataract"":""0""}"
3063_left.jpg,"{""cataract"":""0""}"
3063_right.jpg,"{""cataract"":""0""}"
3064_left.jpg,"{""cataract"":""0""}"
3064_right.jpg,"{""cataract"":""0""}"
3066_left.jpg,"{""cataract"":""0""}"
3066_right.jpg,"{""cataract"":""0""}"
3068_left.jpg,"{""cataract"":""0""}"
3068_right.jpg,"{""cataract"":""0""}"
3069_left.jpg,"{""cataract"":""0""}"
3069_right.jpg,"{""cataract"":""0""}"
3070_left.jpg,"{""cataract"":""0""}"
3070_right.jpg,"{""cataract"":""0""}"
3072_left.jpg,"{""cataract"":""0""}"
3072_right.jpg,"{""cataract"":""0""}"
3075_left.jpg,"{""cataract"":""0""}"
3075_right.jpg,"{""cataract"":""0""}"
3077_left.jpg,"{""cataract"":""0""}"
3077_right.jpg,"{""cataract"":""0""}"
3079_left.jpg,"{""cataract"":""0""}"
3079_right.jpg,"{""cataract"":""0""}"
3080_left.jpg,"{""cataract"":""0""}"
3080_right.jpg,"{""cataract"":""0""}"
3083_left.jpg,"{""cataract"":""0""}"
3083_right.jpg,"{""cataract"":""0""}"
3084_left.jpg,"{""cataract"":""0""}"
3084_right.jpg,"{""cataract"":""0""}"
3085_left.jpg,"{""cataract"":""0""}"
3085_right.jpg,"{""cataract"":""0""}"
3090_left.jpg,"{""cataract"":""0""}"
3090_right.jpg,"{""cataract"":""0""}"
3094_left.jpg,"{""cataract"":""0""}"
3094_right.jpg,"{""cataract"":""0""}"
3095_left.jpg,"{""cataract"":""0""}"
3095_right.jpg,"{""cataract"":""0""}"
3097_left.jpg,"{""cataract"":""0""}"
3097_right.jpg,"{""cataract"":""0""}"
3098_left.jpg,"{""cataract"":""0""}"
3098_right.jpg,"{""cataract"":""0""}"
3100_left.jpg,"{""cataract"":""0""}"
3100_right.jpg,"{""cataract"":""0""}"
3102_left.jpg,"{""cataract"":""0""}"
3102_right.jpg,"{""cataract"":""0""}"
3108_left.jpg,"{""cataract"":""0""}"
3108_right.jpg,"{""cataract"":""0""}"
3109_left.jpg,"{""cataract"":""0""}"
3109_right.jpg,"{""cataract"":""0""}"
3110_left.jpg,"{""cataract"":""0""}"
3110_right.jpg,"{""cataract"":""0""}"
3113_left.jpg,"{""cataract"":""0""}"
3113_right.jpg,"{""cataract"":""0""}"
3114_left.jpg,"{""cataract"":""0""}"
3114_right.jpg,"{""cataract"":""0""}"
3117_left.jpg,"{""cataract"":""0""}"
3117_right.jpg,"{""cataract"":""0""}"
3119_left.jpg,"{""cataract"":""0""}"
3122_left.jpg,"{""cataract"":""0""}"
3122_right.jpg,"{""cataract"":""0""}"
3123_left.jpg,"{""cataract"":""0""}"
3123_right.jpg,"{""cataract"":""0""}"
3124_left.jpg,"{""cataract"":""0""}"
3124_right.jpg,"{""cataract"":""0""}"
3127_left.jpg,"{""cataract"":""0""}"
3127_right.jpg,"{""cataract"":""0""}"
3131_left.jpg,"{""cataract"":""0""}"
3131_right.jpg,"{""cataract"":""0""}"
3138_left.jpg,"{""cataract"":""0""}"
3138_right.jpg,"{""cataract"":""0""}"
3139_left.jpg,"{""cataract"":""0""}"
3139_right.jpg,"{""cataract"":""0""}"
3141_left.jpg,"{""cataract"":""0""}"
3141_right.jpg,"{""cataract"":""0""}"
3142_left.jpg,"{""cataract"":""0""}"
3142_right.jpg,"{""cataract"":""0""}"
3144_left.jpg,"{""cataract"":""0""}"
3144_right.jpg,"{""cataract"":""0""}"
3145_left.jpg,"{""cataract"":""0""}"
3146_right.jpg,"{""cataract"":""0""}"
3150_left.jpg,"{""cataract"":""0""}"
3150_right.jpg,"{""cataract"":""0""}"
3153_left.jpg,"{""cataract"":""0""}"
3153_right.jpg,"{""cataract"":""0""}"
3154_left.jpg,"{""cataract"":""0""}"
3155_left.jpg,"{""cataract"":""0""}"
3155_right.jpg,"{""cataract"":""0""}"
3157_left.jpg,"{""cataract"":""0""}"
3157_right.jpg,"{""cataract"":""0""}"
3159_right.jpg,"{""cataract"":""0""}"
3163_left.jpg,"{""cataract"":""0""}"
3164_right.jpg,"{""cataract"":""0""}"
3166_right.jpg,"{""cataract"":""0""}"
3168_left.jpg,"{""cataract"":""0""}"
3169_left.jpg,"{""cataract"":""0""}"
3169_right.jpg,"{""cataract"":""0""}"
3170_right.jpg,"{""cataract"":""0""}"
3171_left.jpg,"{""cataract"":""0""}"
3172_left.jpg,"{""cataract"":""0""}"
3172_right.jpg,"{""cataract"":""0""}"
3173_right.jpg,"{""cataract"":""0""}"
3175_left.jpg,"{""cataract"":""0""}"
3175_right.jpg,"{""cataract"":""0""}"
3176_left.jpg,"{""cataract"":""0""}"
3176_right.jpg,"{""cataract"":""0""}"
3177_right.jpg,"{""cataract"":""0""}"
3179_left.jpg,"{""cataract"":""0""}"
3181_right.jpg,"{""cataract"":""0""}"
3183_left.jpg,"{""cataract"":""0""}"
3184_left.jpg,"{""cataract"":""0""}"
3184_right.jpg,"{""cataract"":""0""}"
3186_left.jpg,"{""cataract"":""0""}"
3186_right.jpg,"{""cataract"":""0""}"
3187_left.jpg,"{""cataract"":""0""}"
3187_right.jpg,"{""cataract"":""0""}"
3188_left.jpg,"{""cataract"":""0""}"
3188_right.jpg,"{""cataract"":""0""}"
3191_right.jpg,"{""cataract"":""0""}"
3192_left.jpg,"{""cataract"":""0""}"
3193_left.jpg,"{""cataract"":""0""}"
3193_right.jpg,"{""cataract"":""0""}"
3194_left.jpg,"{""cataract"":""0""}"
3194_right.jpg,"{""cataract"":""0""}"
3196_left.jpg,"{""cataract"":""0""}"
3196_right.jpg,"{""cataract"":""0""}"
3198_left.jpg,"{""cataract"":""0""}"
3198_right.jpg,"{""cataract"":""0""}"
3200_left.jpg,"{""cataract"":""0""}"
3201_left.jpg,"{""cataract"":""0""}"
3202_left.jpg,"{""cataract"":""0""}"
3202_right.jpg,"{""cataract"":""0""}"
3203_left.jpg,"{""cataract"":""0""}"
3203_right.jpg,"{""cataract"":""0""}"
3204_left.jpg,"{""cataract"":""0""}"
3206_left.jpg,"{""cataract"":""0""}"
3207_left.jpg,"{""cataract"":""0""}"
3207_right.jpg,"{""cataract"":""0""}"
3208_left.jpg,"{""cataract"":""0""}"
3208_right.jpg,"{""cataract"":""0""}"
3209_right.jpg,"{""cataract"":""0""}"
3212_left.jpg,"{""cataract"":""0""}"
3214_left.jpg,"{""cataract"":""0""}"
3214_right.jpg,"{""cataract"":""0""}"
3215_right.jpg,"{""cataract"":""0""}"
3216_left.jpg,"{""cataract"":""0""}"
3217_left.jpg,"{""cataract"":""0""}"
3217_right.jpg,"{""cataract"":""0""}"
3218_right.jpg,"{""cataract"":""0""}"
3221_left.jpg,"{""cataract"":""0""}"
3221_right.jpg,"{""cataract"":""0""}"
3222_left.jpg,"{""cataract"":""0""}"
3222_right.jpg,"{""cataract"":""0""}"
3223_left.jpg,"{""cataract"":""0""}"
3223_right.jpg,"{""cataract"":""0""}"
3226_left.jpg,"{""cataract"":""0""}"
3226_right.jpg,"{""cataract"":""0""}"
3227_left.jpg,"{""cataract"":""0""}"
3227_right.jpg,"{""cataract"":""0""}"
3232_left.jpg,"{""cataract"":""0""}"
3232_right.jpg,"{""cataract"":""0""}"
3234_left.jpg,"{""cataract"":""0""}"
3234_right.jpg,"{""cataract"":""0""}"
3237_left.jpg,"{""cataract"":""0""}"
3237_right.jpg,"{""cataract"":""0""}"
3238_right.jpg,"{""cataract"":""0""}"
3240_right.jpg,"{""cataract"":""0""}"
3241_left.jpg,"{""cataract"":""0""}"
3242_left.jpg,"{""cataract"":""0""}"
3242_right.jpg,"{""cataract"":""0""}"
3243_left.jpg,"{""cataract"":""0""}"
3243_right.jpg,"{""cataract"":""0""}"
3244_left.jpg,"{""cataract"":""0""}"
3244_right.jpg,"{""cataract"":""0""}"
3245_right.jpg,"{""cataract"":""0""}"
3246_left.jpg,"{""cataract"":""0""}"
3248_left.jpg,"{""cataract"":""0""}"
3248_right.jpg,"{""cataract"":""0""}"
3249_right.jpg,"{""cataract"":""0""}"
3251_left.jpg,"{""cataract"":""0""}"
3252_left.jpg,"{""cataract"":""0""}"
3252_right.jpg,"{""cataract"":""0""}"
3253_right.jpg,"{""cataract"":""0""}"
3255_left.jpg,"{""cataract"":""0""}"
3255_right.jpg,"{""cataract"":""0""}"
3256_right.jpg,"{""cataract"":""0""}"
3257_right.jpg,"{""cataract"":""0""}"
3259_left.jpg,"{""cataract"":""0""}"
3259_right.jpg,"{""cataract"":""0""}"
3260_left.jpg,"{""cataract"":""0""}"
3260_right.jpg,"{""cataract"":""0""}"
3262_right.jpg,"{""cataract"":""0""}"
3263_left.jpg,"{""cataract"":""0""}"
3264_left.jpg,"{""cataract"":""0""}"
3266_right.jpg,"{""cataract"":""0""}"
3267_left.jpg,"{""cataract"":""0""}"
3271_right.jpg,"{""cataract"":""0""}"
3272_left.jpg,"{""cataract"":""0""}"
3273_left.jpg,"{""cataract"":""0""}"
3273_right.jpg,"{""cataract"":""0""}"
3274_left.jpg,"{""cataract"":""0""}"
3275_left.jpg,"{""cataract"":""0""}"
3275_right.jpg,"{""cataract"":""0""}"
3282_right.jpg,"{""cataract"":""0""}"
3283_left.jpg,"{""cataract"":""0""}"
3285_right.jpg,"{""cataract"":""0""}"
3287_right.jpg,"{""cataract"":""0""}"
3289_left.jpg,"{""cataract"":""0""}"
3289_right.jpg,"{""cataract"":""0""}"
3290_right.jpg,"{""cataract"":""0""}"
3291_left.jpg,"{""cataract"":""0""}"
3291_right.jpg,"{""cataract"":""0""}"
3293_left.jpg,"{""cataract"":""0""}"
3294_right.jpg,"{""cataract"":""0""}"
3295_left.jpg,"{""cataract"":""0""}"
3295_right.jpg,"{""cataract"":""0""}"
3296_left.jpg,"{""cataract"":""0""}"
3297_right.jpg,"{""cataract"":""0""}"
3298_left.jpg,"{""cataract"":""0""}"
3298_right.jpg,"{""cataract"":""0""}"
3300_left.jpg,"{""cataract"":""0""}"
3300_right.jpg,"{""cataract"":""0""}"
3304_left.jpg,"{""cataract"":""0""}"
3304_right.jpg,"{""cataract"":""0""}"
3305_left.jpg,"{""cataract"":""0""}"
3305_right.jpg,"{""cataract"":""0""}"
3306_left.jpg,"{""cataract"":""0""}"
3306_right.jpg,"{""cataract"":""0""}"
3307_right.jpg,"{""cataract"":""0""}"
3308_left.jpg,"{""cataract"":""0""}"
3308_right.jpg,"{""cataract"":""0""}"
3309_left.jpg,"{""cataract"":""0""}"
3309_right.jpg,"{""cataract"":""0""}"
3311_right.jpg,"{""cataract"":""0""}"
3312_left.jpg,"{""cataract"":""0""}"
3315_right.jpg,"{""cataract"":""0""}"
3317_left.jpg,"{""cataract"":""0""}"
3318_left.jpg,"{""cataract"":""0""}"
3319_right.jpg,"{""cataract"":""0""}"
3320_right.jpg,"{""cataract"":""0""}"
3321_left.jpg,"{""cataract"":""0""}"
3324_left.jpg,"{""cataract"":""0""}"
3324_right.jpg,"{""cataract"":""0""}"
3325_left.jpg,"{""cataract"":""0""}"
3329_right.jpg,"{""cataract"":""0""}"
3330_left.jpg,"{""cataract"":""0""}"
3330_right.jpg,"{""cataract"":""0""}"
3332_right.jpg,"{""cataract"":""0""}"
3340_right.jpg,"{""cataract"":""0""}"
3341_left.jpg,"{""cataract"":""0""}"
3341_right.jpg,"{""cataract"":""0""}"
3342_left.jpg,"{""cataract"":""0""}"
3343_right.jpg,"{""cataract"":""0""}"
3344_right.jpg,"{""cataract"":""0""}"
3348_right.jpg,"{""cataract"":""0""}"
3350_left.jpg,"{""cataract"":""0""}"
3352_left.jpg,"{""cataract"":""0""}"
3352_right.jpg,"{""cataract"":""0""}"
3353_left.jpg,"{""cataract"":""0""}"
3354_left.jpg,"{""cataract"":""0""}"
3354_right.jpg,"{""cataract"":""0""}"
3355_left.jpg,"{""cataract"":""0""}"
3355_right.jpg,"{""cataract"":""0""}"
3356_left.jpg,"{""cataract"":""0""}"
3356_right.jpg,"{""cataract"":""0""}"
3357_left.jpg,"{""cataract"":""0""}"
3357_right.jpg,"{""cataract"":""0""}"
3358_left.jpg,"{""cataract"":""0""}"
3358_right.jpg,"{""cataract"":""0""}"
3359_left.jpg,"{""cataract"":""0""}"
3359_right.jpg,"{""cataract"":""0""}"
3360_right.jpg,"{""cataract"":""0""}"
3362_left.jpg,"{""cataract"":""0""}"
3363_left.jpg,"{""cataract"":""0""}"
3363_right.jpg,"{""cataract"":""0""}"
3364_right.jpg,"{""cataract"":""0""}"
3365_left.jpg,"{""cataract"":""0""}"
3367_left.jpg,"{""cataract"":""0""}"
3367_right.jpg,"{""cataract"":""0""}"
3369_left.jpg,"{""cataract"":""0""}"
3373_right.jpg,"{""cataract"":""0""}"
3375_left.jpg,"{""cataract"":""0""}"
3376_left.jpg,"{""cataract"":""0""}"
3377_left.jpg,"{""cataract"":""0""}"
3377_right.jpg,"{""cataract"":""0""}"
3378_right.jpg,"{""cataract"":""0""}"
3379_right.jpg,"{""cataract"":""0""}"
3380_right.jpg,"{""cataract"":""0""}"
3381_left.jpg,"{""cataract"":""0""}"
3382_left.jpg,"{""cataract"":""0""}"
3383_right.jpg,"{""cataract"":""0""}"
3386_left.jpg,"{""cataract"":""0""}"
3387_left.jpg,"{""cataract"":""0""}"
3388_left.jpg,"{""cataract"":""0""}"
3388_right.jpg,"{""cataract"":""0""}"
3389_left.jpg,"{""cataract"":""0""}"
3389_right.jpg,"{""cataract"":""0""}"
3390_left.jpg,"{""cataract"":""0""}"
3390_right.jpg,"{""cataract"":""0""}"
3391_right.jpg,"{""cataract"":""0""}"
3392_left.jpg,"{""cataract"":""0""}"
3392_right.jpg,"{""cataract"":""0""}"
3393_left.jpg,"{""cataract"":""0""}"
3394_right.jpg,"{""cataract"":""0""}"
3395_left.jpg,"{""cataract"":""0""}"
3397_left.jpg,"{""cataract"":""0""}"
3398_left.jpg,"{""cataract"":""0""}"
3399_left.jpg,"{""cataract"":""0""}"
3399_right.jpg,"{""cataract"":""0""}"
3403_left.jpg,"{""cataract"":""0""}"
3404_left.jpg,"{""cataract"":""0""}"
3405_left.jpg,"{""cataract"":""0""}"
3405_right.jpg,"{""cataract"":""0""}"
3406_right.jpg,"{""cataract"":""0""}"
3407_right.jpg,"{""cataract"":""0""}"
3408_left.jpg,"{""cataract"":""0""}"
3408_right.jpg,"{""cataract"":""0""}"
3410_left.jpg,"{""cataract"":""0""}"
3411_left.jpg,"{""cataract"":""0""}"
3411_right.jpg,"{""cataract"":""0""}"
3412_left.jpg,"{""cataract"":""0""}"
3412_right.jpg,"{""cataract"":""0""}"
3414_left.jpg,"{""cataract"":""0""}"
3414_right.jpg,"{""cataract"":""0""}"
3415_left.jpg,"{""cataract"":""0""}"
3415_right.jpg,"{""cataract"":""0""}"
3416_right.jpg,"{""cataract"":""0""}"
3417_left.jpg,"{""cataract"":""0""}"
3417_right.jpg,"{""cataract"":""0""}"
3418_left.jpg,"{""cataract"":""0""}"
3419_right.jpg,"{""cataract"":""0""}"
3420_left.jpg,"{""cataract"":""0""}"
3420_right.jpg,"{""cataract"":""0""}"
3421_left.jpg,"{""cataract"":""0""}"
3422_left.jpg,"{""cataract"":""0""}"
3422_right.jpg,"{""cataract"":""0""}"
3423_left.jpg,"{""cataract"":""0""}"
3424_left.jpg,"{""cataract"":""0""}"
3424_right.jpg,"{""cataract"":""0""}"
3425_left.jpg,"{""cataract"":""0""}"
3425_right.jpg,"{""cataract"":""0""}"
3426_right.jpg,"{""cataract"":""0""}"
3427_left.jpg,"{""cataract"":""0""}"
3428_right.jpg,"{""cataract"":""0""}"
3430_left.jpg,"{""cataract"":""0""}"
3431_left.jpg,"{""cataract"":""0""}"
3431_right.jpg,"{""cataract"":""0""}"
3432_left.jpg,"{""cataract"":""0""}"
3432_right.jpg,"{""cataract"":""0""}"
3433_left.jpg,"{""cataract"":""0""}"
3433_right.jpg,"{""cataract"":""0""}"
3434_left.jpg,"{""cataract"":""0""}"
3434_right.jpg,"{""cataract"":""0""}"
3436_right.jpg,"{""cataract"":""0""}"
3437_left.jpg,"{""cataract"":""0""}"
3438_right.jpg,"{""cataract"":""0""}"
3441_left.jpg,"{""cataract"":""0""}"
3442_left.jpg,"{""cataract"":""0""}"
3442_right.jpg,"{""cataract"":""0""}"
3443_left.jpg,"{""cataract"":""0""}"
3444_right.jpg,"{""cataract"":""0""}"
3445_left.jpg,"{""cataract"":""0""}"
3446_left.jpg,"{""cataract"":""0""}"
3446_right.jpg,"{""cataract"":""0""}"
3448_right.jpg,"{""cataract"":""0""}"
3485_left.jpg,"{""cataract"":""0""}"
4290_right.jpg,"{""cataract"":""0""}"
4637_left.jpg,"{""cataract"":""0""}"
4637_right.jpg,"{""cataract"":""0""}"
530_left.jpg,"{""cataract"":""0""}"
530_right.jpg,"{""cataract"":""0""}"
695_left.jpg,"{""cataract"":""0""}"
695_right.jpg,"{""cataract"":""0""}"
84_left.jpg,"{""cataract"":""0""}"
84_right.jpg,"{""cataract"":""0""}"
8_left.jpg,"{""cataract"":""0""}"
8_right.jpg,"{""cataract"":""0""}"
939_left.jpg,"{""cataract"":""0""}"
939_right.jpg,"{""cataract"":""0""}"
951_left.jpg,"{""cataract"":""0""}"
951_right.jpg,"{""cataract"":""0""}"
